CO_CURSO_IND;TADA
36;0.01923076923
112846;0.02777777778
118002;0.05769230769
127;0.09259259259000001
112891;0.059479553899999996
122204;0.06451612903
317;0.03174603175
95017;0.020408163269999998
99406;0.09722222221999999
116188;0.09836065574
62484;0.01639344262
112086;0.05882352941
122634;0.01886792453
1158678;0.0
513;0.01449275362
102590;0.023529411759999997
594;0.08333333333000001
80779;0.1777777778
614;0.02898550725
631;0.0
112680;0.04615384615
703;0.08510638298
118336;0.09375
1161839;0.01960784314
778;0.10256410259999998
865;0.06930693069
18686;0.0
1114891;0.01052631579
1427316;0.02280130293
1427323;0.0
1427333;0.0
1428437;0.01123595506
1429217;0.020833333330000002
968;0.05882352941
1108686;0.0612244898
1051;0.05357142857
116066;0.0
1110;0.09302325581
75926;0.0
1190154;0.2820512821
1257566;0.2608695652
1465650;0.04285714286
1465651;0.025
1467924;0.14285714289999998
1516520;0.05263157895
1261;0.08823529411999999
57702;0.05376344086
80670;0.06849315068
80675;0.09756097561
90237;0.04918032787
1116731;0.0625
1121217;0.12
1121421;0.11904761900000001
1265420;0.05882352941
1332183;0.08695652173999999
1363830;0.025
1481762;0.1333333333
5000201;0.0782122905
103226;0.0
1458746;0.0
1452;0.2365591398
115728;0.3829787234
1137717;0.2195121951
1187249;0.23684210530000002
1457530;0.0
1457542;0.11111111109999999
1660;0.02325581395
111476;0.03921568627
119592;0.0
1154703;0.0243902439
1374865;0.0
1721;0.05555555556
98361;0.0303030303
1312996;0.09090909091
1904;0.06666666667
56702;0.04761904762
56766;0.0
1314299;0.05504587156
18974;0.021739130430000003
21446;0.0062111801200000006
1191569;0.03260869565
1445252;0.03389830508
1445253;0.03333333333
2090;0.07142857142999999
58498;0.0
108352;0.06666666667
1483990;0.25
1483992;0.0
20239;0.05
20812;0.0
2209;0.0
2310;0.2
1428353;0.0
115664;0.07954545455
121131;0.3229813665
1159447;0.07446808511
1159625;0.16129032259999998
1159626;0.041666666670000005
1213441;0.0412371134
5000884;0.029268292680000002
2388;0.020408163269999998
1150344;0.04597701149
1156118;0.08695652173999999
1179252;0.0
18671;0.08823529411999999
103062;0.16129032259999998
54520;0.03448275862
62742;0.08888888889
113293;0.08064516128999999
1267253;0.051282051280000004
60428;0.05555555556
60430;0.040816326529999995
60462;0.025641025640000002
60464;0.0
64276;0.0
64288;0.03703703704
99765;0.0
99894;0.0
110926;0.02325581395
1430245;0.0
1458091;0.12962962960000002
2717;0.014925373129999999
41278;0.07692307692
1214936;0.0
2865;0.046875
2883;0.0
21428;0.03448275862
60188;0.0
91611;0.029239766079999997
1446036;0.0
3190;0.02777777778
3193;0.0625
3197;0.054054054049999994
3211;0.01587301587
52048;0.025
3419;0.1136363636
19392;0.1627906977
150268;0.05882352941
1367984;0.027027027029999998
1485025;0.125
3531;0.09677419355
1374696;0.025641025640000002
20933;0.0
57606;0.03333333333
3676;0.08411214953
54172;0.05
20985;0.04651162791
56757;0.028571428569999998
1262472;0.08333333333000001
3859;0.0
121189;0.0612244898
1169186;0.0
3935;0.021739130430000003
19437;0.02325581395
91281;0.03571428571
1484075;0.0
58006;0.07894736842
1427701;0.0
18584;0.09523809524
122330;0.011494252869999999
19360;0.07692307692
1350326;0.0
1443889;0.0
72437;0.0198019802
1439403;0.06
115902;0.020833333330000002
115904;0.02739726027
1485065;0.020408163269999998
87384;0.04651162791
1485549;0.0
19010;0.03846153846
1177497;0.05555555556
1469335;0.01315789474
4547;0.08108108107999999
60708;0.0
20361;0.054054054049999994
1406010;0.05
1484197;0.2
4675;0.0
56270;0.0
1454213;0.0
52210;0.0
55096;0.0303030303
1203318;0.09677419355
1514555;0.1176470588
1425023;0.041666666670000005
4963;0.20833333329999998
41242;0.1481481481
41266;0.04444444444
49613;0.15625
53520;0.08163265305999999
60314;0.0
63556;0.09375
70259;0.17647058820000003
70274;0.07575757576
73062;0.06779661017
80437;0.1264367816
80447;0.09090909091
84866;0.1071428571
98261;0.11111111109999999
103209;0.021739130430000003
1119382;0.1111846459
1119473;0.08716110240000001
1119481;0.08821453776
1120063;0.1515151515
1139020;0.0625
1175535;0.09731543624
1184049;0.08695652173999999
1443998;0.1153846154
1483432;0.0
1483786;0.1279069767
1483789;0.17391304349999998
1485748;0.1270718232
1485749;0.131147541
1485750;0.09803921569
1485772;0.09765625
1486656;0.1777777778
1486663;0.12
1498018;0.1333333333
1516694;0.16666666670000002
1518220;0.0
5079;0.1712328767
1258875;0.2698412698
1411720;0.1923076923
1431648;0.15
1452878;0.125
1452880;0.1583333333
54961;0.0
20050;0.13636363640000002
89002;0.25735294119999996
89012;0.1346153846
1187399;0.02777777778
1271935;0.1636363636
1323047;0.0
1116854;0.0
1425303;0.0
20469;0.24
5485;0.07333333333
19508;0.04901960784
95489;0.0303030303
95506;0.03921568627
1315664;0.0
1420173;0.06779661017
1420185;0.03896103896
1473647;0.03448275862
1473929;0.05
1474033;0.04761904762
1474142;0.028571428569999998
1484128;0.04347826086999999
1546210;0.0
1161613;0.0
1306183;0.014084507040000001
1114689;0.0
1179083;0.027027027029999998
49626;0.02325581395
1420098;0.11111111109999999
1446761;0.0
1276568;0.03125
5841;0.10067114090000001
52007;0.0
65955;0.01449275362
81393;0.0
123675;0.0
123677;0.0
1258538;0.00951173114
1258541;0.00509337861
1382765;0.01530612245
1427562;0.021739130430000003
1427577;0.00571428571
1427659;0.0
1427749;0.01724137931
1445438;0.02985074627
1454404;0.0
1454405;0.02597402597
1454414;0.0
1467985;0.04511278195
1467995;0.02487562189
1467996;0.02631578947
1473088;0.0046082949299999995
18624;0.02380952381
1296032;0.0
1403875;0.1
20544;0.0
81328;0.02127659574
19966;0.01587301587
50752;0.22222222219999999
54538;0.0
18790;0.03225806452
48393;0.04761904762
83223;0.0
83252;0.02380952381
110638;0.1034482759
1575796;0.2
94861;0.0
6491;0.1052631579
20588;0.17741935479999998
120807;0.0
1321426;0.2352941176
22080;0.09523809524
19242;0.10169491530000001
1404126;0.1351351351
1439955;0.08163265305999999
1440022;0.03846153846
6668;0.1558441558
20130;0.0
6756;0.04651162791
75235;0.05
1455353;0.0
6847;0.0
38809;0.07317073170999999
97313;0.0
97315;0.0
111090;0.014103887170000001
1281009;0.0
1322923;0.0
20818;0.051282051280000004
7142;0.0101010101
66272;0.01346801347
72331;0.023668639050000002
102198;0.0
102200;0.0
102210;0.0
103257;0.0
103259;0.0
103284;0.0
103286;0.0
103290;0.0
107390;0.0
111980;0.00888888889
112024;0.0
112026;0.0
112056;0.0
114401;0.00416666667
116390;0.0024958402700000003
1116093;0.03196347032
1116224;0.01754385965
1116226;0.1818181818
1134235;0.1
1135068;0.0
1135069;0.0
1135070;0.0
1135071;0.0
1135072;0.0
1143091;0.0
1152520;0.00418410042
1152522;0.0
1182973;0.0
1279527;0.07407407407
1279547;0.0
1279548;0.0
1279551;0.0
1279554;0.0
1292900;0.02375809935
1327352;0.0
1330635;0.0
1383456;0.0
1383457;0.0
1399016;0.0
1443694;0.0
7292;0.03267973856
7301;0.0625
18698;0.07317073170999999
18826;0.01449275362
18833;0.06422018349
18840;0.027027027029999998
19510;0.07228915663
19517;0.01639344262
19521;0.04375
19525;0.1
19538;0.06666666667
19548;0.1082802548
19558;0.38372093020000003
38834;0.060344827590000004
38854;0.05154639175
43485;0.0
43487;0.03351955307
43645;0.02673796791
43664;0.0347826087
50572;0.09174311926999999
50582;0.041666666670000005
65641;0.0
65675;0.0
65687;0.01219512195
65737;0.0
65740;0.0
65878;0.03913043478
65890;0.07058823529
67380;0.00934579439
69764;0.07692307692
69815;0.07432432432
69825;0.08045977011
69853;0.03773584906
75266;0.07142857142999999
75284;0.0
75288;0.0
76851;0.0
76937;0.007142857139999999
76951;0.0
77098;0.0
77134;0.0
99124;0.0
99128;0.0
114097;0.0070921985799999995
114178;0.00694444444
121912;0.05555555556
123523;0.008130081300000001
123526;0.01
123530;0.0
123537;0.00442477876
123539;0.00724637681
123541;0.01639344262
123545;0.0071942446
123549;0.01604278075
1131979;0.01148409894
1155933;0.007142857139999999
1155950;0.1119402985
1156021;0.0
1160946;0.0037593985000000003
1180605;0.0
1180789;0.0
1180796;0.0
1180799;0.0
1258828;0.0
1258844;0.015625
1258848;0.0
1258851;0.040816326529999995
1258856;0.0
1286800;0.021457085829999997
1298977;0.010416666670000001
1357708;0.34166666669999995
1382607;0.02549394519
1399057;0.0
1399059;0.0
1402587;0.0306122449
1404105;0.0
1484730;0.03921568627
1485386;0.0
1485428;0.03448275862
5000448;0.0
5000454;0.0
5000456;0.0
5000457;0.0
48950;0.11111111109999999
1260975;0.09523809524
7511;0.06030150754
7523;0.0625
18585;0.09615384615
21979;0.05
50250;0.04761904762
57174;0.05681818182
91527;0.06666666667
92723;0.08163265305999999
1261089;0.07317073170999999
1330882;0.07189542484
1331372;0.0
1457069;0.0625
99198;0.125
1455073;0.03703703704
1455076;0.0
1458089;0.0
1486879;0.0
53405;0.07633587786
72981;0.015625
72983;0.04255319149
92834;0.0
1161428;0.0
20833;0.04347826086999999
75627;0.0
1279016;0.01851851852
1279023;0.03174603175
19047;0.0625
1112324;0.0
1112325;0.01801801802
1179354;0.0
1457379;0.0
20891;0.2307692308
71891;0.1388888889
7839;0.08695652173999999
19641;0.1201117318
80538;0.0
80542;0.03664921466
114435;0.08108108107999999
114454;0.10059171600000001
1157851;0.01709401709
1185556;0.059880239519999996
1431913;0.0233463035
1431918;0.03435804702
1483586;0.03448275862
1483593;0.04232804233
1483595;0.00925925926
1483597;0.04
1483650;0.05882352941
1519523;0.07692307692
1519848;0.025
1387437;0.029629629629999998
1452641;0.0
1452642;0.020833333330000002
1452646;0.01858736059
1466461;0.01315789474
20355;0.049586776859999994
57820;0.025641025640000002
63598;0.01315789474
75412;0.0
91067;0.0119047619
103114;0.0
105302;0.00568181818
1165994;0.0
1166001;0.0
1166894;0.010204081629999999
1166992;0.0
1167044;0.040322580649999995
1167089;0.01075268817
1167288;0.01818181818
1167356;0.0
1167385;0.0
1184727;0.0
1323716;0.0
1376347;0.0
1403866;0.0
1403868;0.04545454545
1403869;0.0243902439
1403872;0.0
20009;0.1578947368
115142;0.036585365849999996
1323573;0.02678571429
1421942;0.06557377049
1420409;0.03614457831
20030;0.06015037594
56172;0.25
88574;0.0
97443;0.09090909091
104868;0.3090909091
1404804;0.032432432430000005
1427745;0.0
1429880;0.20416666670000003
1429882;0.26506024100000003
1483661;0.1900826446
1483664;0.23376623380000003
1484765;0.2631578947
1484785;0.380952381
1485004;0.33333333330000003
1496030;0.1538461538
1112467;0.1
1491649;0.0
113521;0.03448275862
18267;0.0
51020;0.0
107964;0.0
1117071;0.0
1118107;0.0
1352995;0.0
18683;0.05376344086
40343;0.1041666667
1190615;0.1
1333909;0.03703703704
1420448;0.06060606061
18162;0.17600000000000002
105108;0.2459016393
1191646;0.12
1191654;0.22916666670000002
1419545;0.3846153846
1419546;0.4464285714
1419547;0.4146341463
1442827;0.3733333333
8340;0.02898550725
106248;0.053333333329999996
112590;0.02105263158
118966;0.07843137255
1121456;0.0188172043
1445848;0.02197802198
1448120;0.07407407407
1458369;0.0
1458379;0.05263157895
49343;0.020408163269999998
45883;0.02247191011
87396;0.0
1452404;0.6296296296
1366326;0.0
20041;0.09039548023
69891;0.0
97346;0.0
113829;0.01457725948
1214120;0.01552795031
1214121;0.013698630140000001
1382693;0.01754385965
1427618;0.0
1427624;0.00735294118
1445598;0.00900900901
1468028;0.02732240437
1468067;0.03389830508
1468203;0.03409090909
1473184;0.00425531915
1144777;0.09090909091
1484081;0.05882352941
64020;0.0
64061;0.09090909091
64076;0.11111111109999999
64162;0.04
1457392;0.0
1457402;0.027027027029999998
8913;0.0
52665;0.0
1428728;0.04347826086999999
105678;0.14285714289999998
1441495;0.1388888889
83702;0.20833333329999998
113126;0.05
18930;0.0
18933;0.0
102770;0.04761904762
1382883;0.13725490199999998
1382884;0.10256410259999998
1382885;0.125
1382886;0.1304347826
1427780;0.06666666667
1438786;0.125
71255;0.0
21016;0.0
1438268;0.05882352941
103549;0.5
1183656;0.0
1190311;0.6363636364
1204298;0.28571428569999996
1313042;0.47826086959999997
1315463;0.5098039216
1443339;0.4692307692
1457682;0.5384615385
1457691;0.5
1457696;0.45
9302;0.03333333333
68029;0.0
112322;0.0
1205028;0.0
1279855;0.0
9414;0.0
1148708;0.0
1363794;0.1578947368
9470;0.0625
1465678;0.0
44650;0.0
19505;0.057142857139999996
63768;0.05263157895
63770;0.09090909091
120920;0.02272727273
120932;0.013513513509999998
1151690;0.0
1151691;0.019189765459999997
1151692;0.01694915254
1165300;0.06976744186
1165314;0.0
1266445;0.0
1269975;0.0
1269976;0.0
1496067;0.00746268657
1496083;0.0
1496084;0.0
1498172;0.03703703704
1518041;0.0
1521537;0.043859649120000004
1524390;0.0
1524514;0.0
18606;0.06382978723
45096;0.027272727269999998
1399131;0.01388888889
1399133;0.04318936876999999
20466;0.04
92001;0.08474576271
53788;0.10169491530000001
102186;0.04255319149
110442;0.1041666667
1404990;0.1052631579
17937;0.03947368421
18285;0.01666666667
1441192;0.09090909091
10059;0.017857142859999998
64972;0.07894736842
94387;0.0
1117890;0.0625
1164730;0.0
1315421;0.0
10159;0.0243902439
21353;0.05555555556
1132259;0.014040561620000001
1132278;0.0
1382691;0.0
1427627;0.0
1427632;0.02290076336
1445540;0.0
1458626;0.05829596413
1458638;0.0380952381
1458639;0.03603603604
1481978;0.03157894737
97739;0.0
1441035;0.01538461538
1445175;0.12
21690;0.01863354037
46892;0.05263157895
88380;0.03448275862
1205876;0.00884955752
1166239;0.056603773579999996
1322567;0.1212121212
58928;0.0487804878
64278;0.0
86782;0.0157480315
102700;0.0
1365504;0.0
1156617;0.0067114094
10814;0.05309734513
20598;0.1494252874
116110;0.1481481481
1484619;0.03488372093
24260;0.03125
114286;0.04109589041
110974;0.0
1453669;0.0
1333348;0.0
11238;0.01694915254
116900;0.01515151515
150086;0.0
5000356;0.03100775194
11452;0.04494382022
11554;0.17741935479999998
1190071;0.08256880734
1265453;0.03370786517
83130;0.0
11730;0.01769911504
1172346;0.05263157895
12025;0.02380952381
53193;0.0
60886;0.021739130430000003
1113582;0.04651162791
1180773;0.09090909091
12313;0.3636363636
116770;0.18
1113231;0.5925925926
1188193;0.33333333330000003
1190414;0.264957265
12581;0.0404040404
42461;0.08264462809999999
62424;0.0
1126727;0.10810810809999999
12710;0.01290322581
82799;0.024691358019999998
90651;0.0233463035
1122221;0.00724637681
12837;0.09803921569
116868;0.06451612903
116870;0.22033898310000002
1159854;0.2037037037
1102636;0.1176470588
1102674;0.0625
12946;0.06741573034
87195;0.03
18518;0.0243902439
65361;0.06060606061
1128364;0.18421052629999998
13216;0.07407407407
101942;0.1481481481
1288839;0.08571428571
13277;0.2090909091
1132918;0.125
13401;0.0099009901
107360;0.0
1503759;0.01960784314
13595;0.04761904762
1136142;0.14285714289999998
13717;0.1007751938
20979;0.06849315068
13881;0.02222222222
121614;0.1265822785
121636;0.0243902439
1106427;0.09803921569
1107234;0.05882352941
13980;0.04347826086999999
106167;0.05555555556
150117;0.05357142857
1127191;0.040816326529999995
1127861;0.1707317073
1270596;0.07272727273
1272079;0.11111111109999999
1272130;0.145631068
1299927;0.08333333333000001
1299933;0.152173913
1300429;0.2653061224
1304876;0.1
1330754;0.0
5000499;0.06060606061
14098;0.16666666670000002
18952;0.11111111109999999
121570;0.06666666667
123429;0.06818181818
14217;0.06422018349
21600;0.07142857142999999
1084054;0.0
83904;0.04255319149
85783;0.08333333333000001
101830;0.024691358019999998
118420;0.03738317757
1102628;0.0243902439
60006;0.1538461538
85822;0.2028985507
110144;0.04918032787
115582;0.1130434783
1102800;0.02197802198
1128647;0.11666666669999999
1152636;0.1595744681
1164656;0.07058823529
1270472;0.09230769231
1271987;0.0243902439
1284707;0.01123595506
1284709;0.06
91262;0.1785714286
1117717;0.2830188679
1321646;0.26380368099999996
1321647;0.14285714289999998
1110857;0.2542372881
1270680;0.4375
1367062;0.3818181818
110528;0.0
1113804;0.1176470588
18335;0.07462686567
101558;0.1571428571
1178662;0.1590909091
1272009;0.21126760560000002
1272012;0.3125
1441998;0.1379310345
101316;0.14285714289999998
116968;0.02272727273
1503583;0.2352941176
1576192;0.0
96951;0.0
100816;0.04838709677
18251;0.10256410259999998
120385;0.13636363640000002
116590;0.1358024691
1118057;0.04
1122749;0.0625
1315430;0.0701754386
1379275;0.0
1442492;0.05
1452928;0.08474576271
1452931;0.1694915254
1456952;0.09756097561
1457608;0.09459459459
113813;0.01315789474
1166783;0.0
1269545;0.04761904762
112630;0.03571428571
1106554;0.054054054049999994
1117044;0.2716049383
1166498;0.01470588235
1180600;0.1594202899
1258759;0.0
1270730;0.02631578947
1285254;0.19444444440000003
1304108;0.0
1327439;0.4864864865
1427491;0.0
14681;0.09090909091
55516;0.0
82528;0.0
1141939;0.041666666670000005
1312965;0.0
1313209;0.0
14707;0.2727272727
14722;0.08823529411999999
1378747;0.14285714289999998
18903;0.0
1420095;0.2307692308
50621;0.0
15002;0.03921568627
1102175;0.021739130430000003
1203424;0.0
15103;0.0
1457226;0.04273504274000001
1420573;0.05
1422418;0.046875
65614;0.04545454545
15262;0.04651162791
1204357;0.02941176471
19881;0.0101010101
21271;0.04210526316
1487294;0.03571428571
113937;0.0
1142424;0.0
64710;0.03488372093
98957;0.08823529411999999
1427594;0.08333333333000001
1427595;0.0
1265877;0.125
1477859;0.0
15543;0.0
15555;0.0447761194
41701;0.03125
65980;0.0
1194058;0.01233131689
1318199;0.0
18252;0.05263157895
1279658;0.11111111109999999
1484595;0.1176470588
109830;0.0
1360962;0.025
1411346;0.046875
19042;0.06382978723
97778;0.0303030303
37862;0.021739130430000003
1286381;0.07407407407
20065;0.04938271605
15869;0.1034482759
18387;0.1212121212
59109;0.02380952381
121794;0.0303030303
1111971;0.028571428569999998
1113852;0.08695652173999999
1113854;0.0
1113886;0.1525423729
1313206;0.1212121212
318882;0.0
19607;0.0
106134;0.0
1261584;0.020833333330000002
1341675;0.07692307692
1417706;0.040816326529999995
1442970;0.02127659574
1484892;0.06666666667
1265544;0.05
22047;0.2777777778
1295073;0.18709677419999998
1315442;0.1627906977
1315444;0.1818181818
1315446;0.1578947368
1323254;0.3636363636
1430609;0.15
1483730;0.25
1483734;0.28571428569999996
1485801;0.25
1485804;0.375
1485805;0.1818181818
1487232;0.2
1516503;0.33333333330000003
43044;0.5370370369999999
1269969;0.33333333330000003
1269970;0.3880597015
1310955;0.3181818182
1473094;0.07142857142999999
16401;0.051282051280000004
52535;0.09756097561
68375;0.0
1075850;0.0
18558;0.4347826087
18559;0.22222222219999999
1190145;0.4482758621
122866;0.0
16740;0.0
71903;0.0
58408;0.0
68205;0.0
20178;0.0
1266093;0.07894736842
1280518;0.0
98305;0.2
18250;0.01923076923
16939;0.2941176471
49979;0.1829268293
19595;0.07407407407
64734;0.0
90599;0.0
18039;0.01162790698
58080;0.125
75457;0.011494252869999999
75510;0.051282051280000004
118168;0.01428571429
118520;0.02272727273
55402;0.0
1327479;0.1145833333
57279;0.08333333333000001
1351219;0.25
111278;0.08955223881
1332134;0.0
1364352;0.0
1139692;0.06060606061
1267543;0.0
68009;0.0
17244;0.0
1379388;0.0
17266;0.0
56228;0.0
57984;0.0
58360;0.0
70036;0.0
72283;0.0
80960;0.0
105690;0.0
1204643;0.0
1204842;0.0
1205714;0.0
1210192;0.0
1210193;0.00386100386
1257519;0.0
1257521;0.0
1260228;0.0
1364554;0.0
1364829;0.0
1364830;0.0
1364831;0.005434782609999999
1364849;0.0
17307;0.125
17380;0.0
19637;0.0
44016;0.04255319149
17406;0.07575757576
20534;0.02380952381
1332807;0.0
88084;0.07633587786
17530;0.015625
1214055;0.07042253521
1268566;0.0099009901
18277;0.11643835620000001
1150809;0.0
5000518;0.0
1186930;0.08695652173999999
1186931;0.0
1354121;0.375
101984;0.22222222219999999
68321;0.02631578947
95706;0.0243902439
1111379;0.09090909091
1155202;0.027027027029999998
1322444;0.07843137255
60406;0.04651162791
60560;0.0
62382;0.0
83710;0.0
5000324;0.01298701299
53786;0.08333333333000001
1153739;0.041666666670000005
1202517;0.0
1419765;0.04
15127;0.0
20328;0.08510638298
120479;0.0
1144540;0.023529411759999997
1153434;0.0
1205296;0.0
1308132;0.011764705879999999
1308208;0.03883495146
1405229;0.01546391753
1486419;0.02380952381
105728;0.101010101
82748;0.0
17886;0.0
22061;0.0
110564;0.0
1261039;0.0
53331;0.0
48675;0.041666666670000005
97057;0.11627906980000001
1330095;0.09090909091
17898;0.08108108107999999
91181;0.14285714289999998
49970;0.06451612903
101318;0.08536585366
1076116;0.02597402597
1185395;0.1346153846
1303431;0.00303951368
1304749;0.0
1438428;0.01680672269
1438794;0.09615384615
1474597;0.0
49071;0.0
1322665;0.0
49054;0.1960784314
1149495;0.2
1259867;0.1145833333
1403879;0.1625
74564;0.0
1457630;0.14285714289999998
100244;0.04761904762
100246;0.06976744186
1183331;0.125
1183332;0.03846153846
1313514;0.09090909091
1342459;0.0
1403893;0.025
1167859;0.07894736842
21496;0.33333333330000003
47603;0.08695652173999999
1458332;0.0
1458338;0.0
1458358;0.0
1458381;0.0
1458392;0.0
1458397;0.0
21464;0.08620689655
70051;0.09174311926999999
72070;0.1403508772
108788;0.03125
1204870;0.1212121212
1206001;0.1010830325
1419886;0.1313868613
1487377;0.08333333333000001
91431;0.0
1283028;0.2524271845
115374;0.1475409836
1286732;0.2891566265
1349106;0.02325581395
101712;0.0
49881;0.05
121153;0.0
89064;0.1046511628
97785;0.0
1382777;0.0
118366;0.0
118368;0.0
1205602;0.0
105076;0.17391304349999998
1333512;0.0
1481775;0.1326530612
97253;0.06666666667
58391;0.06818181818
71127;0.1578947368
95104;0.33333333330000003
1166614;0.01515151515
48677;0.013333333329999999
1300041;0.0
1300043;0.0
1422296;0.0
1438274;0.0
1453376;0.0
1473699;0.0
1134850;0.0
64754;0.11627906980000001
20525;0.02272727273
1170051;0.024213075060000002
1170053;0.032619279450000004
1261782;0.0206185567
1314138;0.049668874169999995
1314139;0.03327171904
1166010;0.04966442953
1260026;0.058536585370000005
1107664;0.0
65759;0.0
1284116;0.0
44265;0.1
85973;0.07692307692
46972;0.03571428571
60050;0.0
1403526;0.02631578947
114568;0.024096385539999998
47113;0.1951219512
83388;0.08
1258651;0.25
1258654;0.14285714289999998
19931;0.0
19780;0.0
66911;0.05263157895
71539;0.0
72051;0.0
46884;0.1707317073
1170124;0.0977443609
1299253;0.093403948
1328954;0.1084337349
1468729;0.1225490196
1484996;0.09523809524
1484997;0.08333333333000001
1485014;0.2
1485038;0.1034482759
19910;0.0
21103;0.0
1160973;0.0078125
1160974;0.0
1204396;0.0
1258024;0.04918032787
1258035;0.02325581395
1260352;0.07692307692
1487061;0.01724137931
1487062;0.04375
1487063;0.048192771079999995
1487064;0.01298701299
47051;0.1875
110646;0.03448275862
105390;0.0303030303
121284;0.0
1188129;0.0
1330352;0.028571428569999998
1330896;0.057142857139999996
1331611;0.1724137931
1377489;0.0
72579;0.0
50296;0.0350877193
47630;0.0
79537;0.0
19990;0.03448275862
1405271;0.00934579439
1441301;0.0
19995;0.07547169811
119966;0.1
64664;0.075
1072989;0.021739130430000003
1387219;0.05
1387227;0.0
1387234;0.0
1454445;0.01470588235
37788;0.03225806452
82786;0.0
82788;0.025
1321778;0.05263157895
41710;0.0
1280988;0.0
113469;0.05555555556
1439743;0.0
20615;0.02222222222
1158385;0.03947368421
53333;0.03278688525
42236;0.2340425532
57458;0.15
87148;0.125
1285157;0.225
1385528;0.1
1259035;0.0
1159064;0.1052631579
114195;0.0
1300509;0.0
20499;0.0
21305;0.0
68810;0.0
68823;0.0
68831;0.0
89591;0.0
150209;0.0
150211;0.0
1284897;0.0
1284900;0.0
1284918;0.0
1496476;0.0
1496477;0.0
22017;0.0
91195;0.04347826086999999
1278941;0.0
1517024;0.0
68597;0.0
1332810;0.0
1469285;0.0
50229;0.06818181818
1181336;0.03225806452
49107;0.0
54792;0.0
89874;0.0
89878;0.026086956520000003
1146536;0.0
115692;0.08333333333000001
1377576;0.03846153846
1487493;0.05
106996;0.09756097561
1376181;0.02919708029
101418;0.04
101420;0.0
1353147;0.0
1440280;0.0
1440283;0.125
1398063;0.03571428571
1412816;0.02631578947
1442580;0.0
1442581;0.0
1442602;0.0
1442603;0.0
1447929;0.125
1454376;0.07142857142999999
1458436;0.11111111109999999
1458440;0.0
1486877;0.0
1105085;0.0
1466255;0.152173913
1517390;0.0
5000154;0.08108108107999999
57028;0.0
1259052;0.07547169811
1204300;0.0
20756;0.0
21071;0.05555555556
55542;0.0070921985799999995
68491;0.0
68773;0.02272727273
121415;0.0
1104245;0.0125
1103723;0.0
1285545;0.0
5000024;0.0
63080;0.0
1188850;0.02985074627
21295;0.02941176471
1170480;0.01606425703
1266797;0.03211462451
1484102;0.06538461538
48679;0.0
1109043;0.00423728814
1122726;0.03125
1427414;0.0
1483485;0.08163265305999999
1487590;0.22222222219999999
1487591;0.04347826086999999
22013;0.03703703704
50970;0.051282051280000004
1420298;0.0
1420299;0.0
1315314;0.00966608084
1315315;0.00898667493
1484106;0.00854700855
22012;0.024096385539999998
72487;0.0
1284127;0.03157894737
21727;0.03333333333
1458196;0.28571428569999996
74340;0.03846153846
79349;0.08333333333000001
46862;0.0
71522;0.0
73676;0.0
1204225;0.0
1107880;0.75
22070;0.6129032258
1169549;0.42465753419999996
1170140;0.1923076923
1280105;0.0
1453363;0.0
1457207;0.0
72165;0.1014492754
1313263;0.17796610170000002
1419815;0.2
1487568;0.07547169811
72057;0.1304347826
1205014;0.25
1364620;0.08908406524
1379280;0.10810810809999999
1379289;0.08928571429
1396153;0.1228070175
1457680;0.1634615385
1485861;0.06818181818
1487952;0.1818181818
1487977;0.04545454545
1487989;0.0
112264;0.1052631579
1175920;0.0
120976;0.017857142859999998
1323887;0.0
1138256;0.057142857139999996
1204585;0.25
105644;0.3801652893
109476;0.4285714286
109662;0.2727272727
1419631;0.3106796117
1419772;0.3414634146
57134;0.0
100266;0.014084507040000001
1258963;0.0
101700;0.07317073170999999
47505;0.1315789474
37295;0.06382978723
47069;0.0625
43257;0.03448275862
1120211;0.07894736842
1266540;0.032520325200000005
1420282;0.01612903226
51603;0.125
99954;0.0
18149;0.05263157895
50754;0.03571428571
65863;0.2105263158
1445616;0.06666666667
103433;0.1692307692
1126381;0.13636363640000002
1313301;0.07894736842
1341342;0.06451612903
1377509;0.051282051280000004
1457585;0.041666666670000005
1150486;0.03571428571
1189812;0.06060606061
1150279;0.061728395059999996
1150286;0.01111111111
120430;0.0
63732;0.07142857142999999
87991;0.0
56764;0.20689655170000001
46017;0.08433734940000001
1205024;0.0
1100858;0.0
46104;0.0
1075747;0.03125
1058242;0.0
1203177;0.0
57612;0.1458333333
59619;0.0
47535;0.0
1050053;0.16666666670000002
46377;0.5
1353578;0.0
53898;0.33333333330000003
102254;0.2631578947
1399128;0.1538461538
1487435;0.1130952381
79355;0.057142857139999996
1168052;0.5066666666999999
79669;0.0
1258310;0.0
1258313;0.0
1288133;0.0
5000015;0.0
46487;0.0
1204325;0.0
1283780;0.0487804878
50364;0.0701754386
68930;0.1707317073
1164218;0.09090909091
67601;0.24
67092;0.02777777778
72225;0.0
1204959;0.0
1486168;0.1034482759
1457452;0.0
1457458;0.14
50082;0.08695652173999999
1385516;0.07692307692
1439492;0.08333333333000001
47874;0.0
72577;0.0
74737;0.06451612903
47924;0.0
50981;0.0
1303596;0.0
120172;0.1212121212
120018;0.1382978723
47972;0.0
47976;0.0
71315;0.0
75012;0.0
120446;0.11111111109999999
95613;0.3448275862
1205617;0.0
1205621;0.0
48050;0.0
90030;0.5
1058492;0.11111111109999999
1117931;0.0
1288703;0.0
1322001;0.0
1385488;0.05555555556
1468653;0.030864197529999998
1153833;0.1
91017;0.0
48205;0.3384615385
110172;0.3833333333
1322390;0.2682926829
1181115;0.22580645159999999
1191424;0.28125
1314243;0.05084745763
1376131;0.0
1421300;0.1
5000135;0.05555555556
5000141;0.2
5000143;0.1031746032
122845;0.06896551724
150129;0.0
1103832;0.02380952381
1127925;0.10810810809999999
1270538;0.04761904762
48231;0.014084507040000001
1486143;0.03333333333
1486980;0.0
1486981;0.12195121950000001
72017;0.1034482759
121824;0.1145833333
121940;0.07547169811
122124;0.07228915663
1116895;0.07692307692
1128356;0.03571428571
1128377;0.06976744186
1166436;0.05172413793
1168577;0.02272727273
1188328;0.15
1188348;0.04545454545
1188375;0.0
1188377;0.0243902439
1214442;0.0612244898
1260286;0.02272727273
1260313;0.02127659574
1420608;0.1
1420616;0.0
1420636;0.09259259259000001
1420648;0.04255319149
1457002;0.0
1457004;0.06976744186
5001091;0.03921568627
83436;0.07894736842
1191217;0.16666666670000002
1191221;0.1212121212
1191224;0.02941176471
1270621;0.4285714286
1299197;0.2903225806
1341371;0.16326530609999998
48271;0.0243902439
1454751;0.2666666667
87330;0.05882352941
1128034;0.0
1193457;0.1621621622
1419884;0.03333333333
1332666;0.162601626
71407;0.060869565220000005
86792;0.00613496933
92988;0.07731958762999999
1259379;0.0
1260461;0.028571428569999998
1260462;0.02631578947
1280504;0.06896551724
1300081;0.0
59122;0.16666666670000002
1205130;0.125
1205131;0.1034482759
62638;0.04
88728;0.0
1186003;0.05
1419853;0.05
48437;0.0
1177465;0.0
113124;0.0625
1101105;0.0
18733;0.14285714289999998
19849;0.0
1300214;0.0
85146;0.0
49451;0.0
49453;0.0
49455;0.0
96934;0.0
109276;0.0
1102216;0.0
1445646;0.0
1473710;0.0
1485607;0.0
97637;0.0
50760;0.1153846154
68845;0.0
72065;0.07272727273
1150521;0.04918032787
1150674;0.08
1156711;0.1204819277
19799;0.0
51050;0.08
85616;0.0
1442815;0.09090909091
54934;0.02105263158
1322106;0.0
117022;0.08571428571
1285574;0.0
1367038;0.05555555556
51139;0.09278350515
1134421;0.012658227849999999
1134422;0.044303797469999996
1308555;0.04444444444
1486117;0.02127659574
1486122;0.0
1486128;0.0
53342;0.07142857142999999
57466;0.041666666670000005
51180;0.0
1322633;0.0
79640;0.24
51233;0.0
1365445;0.0
56726;0.04545454545
48169;0.25
1484064;0.125
1105676;0.0
51715;0.0
122860;0.0
110508;0.027027027029999998
1166126;0.09756097561
1186571;0.075
1262814;0.09375
5001339;0.0
5001436;0.05555555556
51864;0.2058823529
1260812;0.0303030303
51888;0.0
1151687;0.02941176471
1161716;0.07317073170999999
97239;0.0
72477;0.0
1180251;0.2037037037
83894;0.10169491530000001
1405546;0.06666666667
58806;0.0
1098645;0.0
5000054;0.375
1105981;0.0
72285;0.2307692308
1042278;0.06382978723
119970;0.0
1330698;0.0
1076195;0.11111111109999999
1164214;0.07407407407
58910;0.0
109796;0.0
1404219;0.0
1404221;0.0
57906;0.1333333333
1405879;0.0
1058390;0.18644067799999997
72575;0.09090909091
82364;0.09523809524
104360;0.0
65409;0.07142857142999999
71905;0.0
115232;0.0
98595;0.018348623850000002
1453389;0.0
1458139;0.0
1458188;0.0
1484236;0.0
58808;0.041666666670000005
1190854;0.0
72259;0.0
72533;0.0
1070485;0.0
67934;0.02222222222
60743;0.0
1388165;0.0
1458241;0.03636363636
1258369;0.0
1280516;0.0
73140;0.08333333333000001
1304241;0.0
98762;0.0
99202;0.0
98764;0.0
101428;0.07692307692
1115114;0.0
1280279;0.05882352941
57066;0.0
59001;0.03225806452
59056;0.0
96938;0.046875
119321;0.09615384615
1405115;0.0
96249;0.0
1177484;0.5483870968
96855;0.0
1193782;0.0350877193
1300474;0.8333333333
1303367;0.0
73519;0.0
73898;0.0
107422;0.07142857142999999
100668;0.0
97206;0.0
1151555;0.08474576271
1180836;0.03157894737
1473201;0.08108108107999999
1473218;0.09090909091
1304680;0.1549295775
1261671;0.03174603175
13446;0.05472636816
1399844;0.0
1399858;0.0
47798;0.0
90428;0.03846153846
1353669;0.0
97089;0.1
1260066;0.0
1305137;0.0
95175;0.0
117532;0.01515151515
1323876;0.0
96936;0.0
120408;0.0
1118149;0.0
68761;0.06666666667
1349715;0.0
67785;0.0
74406;0.027027027029999998
1300284;0.0
71305;0.07352941176
56158;0.0
83182;0.0
110570;0.0
112272;0.0
1107150;0.0
94762;0.1538461538
1306689;0.08333333333000001
1313397;0.028225806449999998
1485389;0.0
1486085;0.2
1486086;0.3
1292285;0.0
1134546;0.14285714289999998
1204910;0.05263157895
1122899;0.0
107945;0.0
5000951;0.0
84653;0.0
1322828;0.14285714289999998
1284470;0.0
1036337;0.523255814
1258074;0.75
1282899;0.6071428570999999
1321756;0.44
1429915;0.5652173913
1429948;0.5111111111000001
1457860;0.4615384615
1457870;0.19736842110000002
1457871;0.8421052632
1457873;0.4375
1457877;0.4615384615
1457890;0.4705882353
1515260;0.46666666669999995
1516444;0.7419354839000001
112292;0.3548387097
59060;0.0
71937;0.0
1153353;0.0
1405789;0.1
1304009;0.0
1322118;0.0
1127932;0.115942029
1258063;0.09836065574
1364254;0.0
1405189;0.06060606061
1441079;0.08888888889
20512;0.05
3858;0.01818181818
66234;0.06451612903
1101244;0.2168674699
1457553;0.0
1103821;0.05882352941
1367078;0.02985074627
102626;0.01886792453
1312023;0.0652173913
1330186;0.06593406593000001
1337241;0.0
1363832;0.025641025640000002
1376000;0.1136363636
1300251;0.017857142859999998
65473;0.0
90361;0.0
100694;0.0
122150;0.0
1188550;0.0
1188620;0.0
1342612;0.02325581395
100716;0.18421052629999998
1105088;0.02941176471
1127035;0.06153846154
1128230;0.044117647059999994
1168085;0.05
1260196;0.1388888889
1105434;0.2058823529
1330347;0.1395348837
1517414;0.0
1181327;0.08620689655
1457177;0.1621621622
1457231;0.03703703704
1466110;0.06578947368
91909;0.04615384615
1190440;0.025
1261310;0.0
1292727;0.05882352941
1342408;0.0
1342409;0.07692307692
1382664;0.0
1404853;0.09375
1421026;0.057142857139999996
1451148;0.0
1167817;0.025641025640000002
1191018;0.040816326529999995
1191042;0.09090909091
1404253;0.08333333333000001
5000578;0.07692307692
80904;0.12
98918;0.0
1126898;0.0
1161236;0.0
1415487;0.1379310345
1332852;0.0
60018;0.0
5001211;0.03448275862
105953;0.1333333333
1284622;0.04255319149
1204530;0.0
59333;0.33333333330000003
5001383;0.01538461538
60168;0.152173913
75917;0.2727272727
75921;0.1
1261609;0.2975609756
1457491;0.3086419753
1487670;0.36842105259999997
112526;0.0
39407;0.07407407407
100684;0.0
107462;0.0
1263237;0.0
1367175;0.02272727273
1455381;0.09375
60644;0.05479452055
1516685;0.0
1483856;0.0
1483858;0.0
99820;0.0
1364692;0.0
5001006;0.05813953488
95799;0.0
83294;0.0
18001;0.04
88258;0.02
1454852;0.0
1487512;0.0
119946;0.3076923077
1283122;0.125
88068;0.0
1388299;0.10810810809999999
1457273;0.01388888889
48640;0.0
1280593;0.0
1330719;0.00980392157
48072;0.0
67299;0.0
1071167;0.05063291139000001
1323837;0.01382488479
1465703;0.1267605634
84425;0.0
107976;0.0
1100049;0.0
17452;0.0
1178627;0.0
119964;0.0
5000008;0.02325581395
69212;0.03921568627
74677;0.02739726027
120682;0.0
1043986;0.0119047619
5001304;0.08571428571
108796;0.0
1137883;0.0
18280;0.0625
1375316;0.0
41238;0.23170731709999998
88988;0.0
1390493;0.09090909091
1390495;0.05555555556
94455;0.0
90875;0.0
108786;0.0
5001252;0.0
5001487;0.02777777778
1178673;0.0
73306;0.37037037040000004
73622;0.380952381
1349758;0.2173913043
74416;0.17948717949999998
20415;0.28571428569999996
87960;0.09803921569
5001452;0.1621621622
18818;0.0
86972;0.03571428571
105286;0.0303030303
118836;0.0
1111849;0.01612903226
1143464;0.0139275766
1177664;0.12195121950000001
1285818;0.010344827590000001
1452517;0.07142857142999999
5001459;0.0
97145;0.0
110486;0.0
1060033;0.0
1135007;0.03174603175
1135269;0.0
1205577;0.0
1259153;0.0
1279533;0.04545454545
1279538;0.0
1284949;0.04
1303633;0.0
1303637;0.0
1322073;0.0
1322074;0.0
5000003;0.0
96442;0.33333333330000003
96973;0.0
51022;0.0
1349140;0.03773584906
1295581;0.10404624280000001
75347;0.05109489051
79430;0.08421052632
1204641;0.07438016529000001
75349;0.03550295858
1153085;0.09090909091
1259168;0.03947368421
75353;0.06315789474
1210130;0.061728395059999996
75359;0.07142857142999999
1443208;0.0
83314;0.0
1130274;0.04508196721
80890;0.0
80892;0.21621621619999998
80956;0.2727272727
99934;0.03703703704
1071538;0.0
1071985;0.0
101190;0.04
107398;0.03703703704
1103759;0.08
1191268;0.1470588235
1314995;0.075
1452608;0.04761904762
5000133;0.04444444444
117454;0.040816326529999995
1190173;0.1818181818
1190175;0.04761904762
5001176;0.1176470588
1137739;0.01538461538
1259097;0.01315789474
1322847;0.0
90887;0.0350877193
92319;0.0
117504;0.04545454545
107409;0.0
1128808;0.0
1137927;0.0
101798;0.0
115197;0.0
5001409;0.0
110428;0.05
1059802;0.12269938650000001
1136481;0.4210526316
105942;0.0
83186;0.0
83188;0.0
107778;0.0
58741;0.0
1332104;0.1951219512
1440445;0.08333333333000001
5001369;0.0
1102783;0.0
1110052;0.0
1313361;0.075
1313407;0.05
92080;0.06153846154
17077;0.2272727273
98013;0.0
1441732;0.02631578947
85640;0.08163265305999999
1321949;0.0
100654;0.0
107962;0.0
37303;0.0
18384;0.01538461538
1258915;0.03225806452
53429;0.0
79418;0.08
113890;0.07142857142999999
1385942;0.08620689655
1257511;0.054054054049999994
1131840;0.0
117500;0.0
1303692;0.0
112134;0.0
1118154;0.04545454545
104836;0.03773584906
107828;0.07407407407
1404620;0.020833333330000002
1279732;0.025
101757;0.051282051280000004
5001153;0.02380952381
114616;0.07228915663
1114727;0.0
1315343;0.0
117032;0.0
1188468;0.05479452055
1285124;0.03636363636
1285323;0.00819672131
1364108;0.09523809524
1364335;0.11627906980000001
1364338;0.1411764706
1404021;0.07317073170999999
1487053;0.02777777778
90767;0.05504587156
1314413;0.06818181818
1318224;0.0243902439
1057622;0.17647058820000003
69410;0.0
94227;0.05882352941
112826;0.0
114163;0.0
1280610;0.0
118994;0.16666666670000002
107920;0.02325581395
1322136;0.06818181818
114918;0.01694915254
110038;0.0
1204536;0.125
1073316;0.1967213115
1102342;0.2549019608
1150328;0.04232804233
1106470;0.0
96819;0.06395348837
96867;0.0
1102774;0.3720930233
1102793;0.4285714286
1102924;0.6470588235
1103034;0.32558139529999996
1125945;0.4523809524
1160123;0.3846153846
1264046;0.5208333333
1342973;0.5813953488
1377572;0.47619047620000005
1419856;0.46341463410000006
96841;0.05555555556
98665;0.08333333333000001
97893;0.1489361702
1258298;0.2142857143
1279743;0.3142857143
48860;0.0
1332413;0.0
47941;0.02272727273
1076048;0.0
1321880;0.0
122616;0.125
1280475;0.09523809524
96809;0.03225806452
80073;0.03125
103441;0.05555555556
1103689;0.08
79930;0.0
62538;0.06617647059000001
71512;0.0
71514;0.00867052023
71516;0.00735294118
1180291;0.013333333329999999
1184070;0.0652173913
1368761;0.00328947368
1439766;0.01769911504
48895;0.1086956522
99230;0.09090909091
20477;0.0
1473793;0.01724137931
106824;0.0
59158;0.0
1280248;0.0
1321971;0.0
71851;0.25
1209155;0.1625
1149718;0.1134020619
1442103;0.08045977011
101362;0.01063829787
1260475;0.0
79702;0.0
5001172;0.06779661017
5001296;0.0
5001522;0.04761904762
1001938;0.0
1009801;0.0
1332356;0.0
1039284;0.0
1101541;0.07692307692
1053121;0.051282051280000004
1055545;0.375
1184949;0.16666666670000002
1058832;0.0
5001447;0.0
113328;0.0
1304525;0.0
1118298;0.09090909091
1106267;0.01098901099
1303985;0.2
1204896;0.08163265305999999
74586;0.125
102276;0.0
1085586;0.0
1204010;0.01639344262
1280431;0.05
1379307;0.014388489209999999
1299624;0.0
1103633;0.1333333333
1163800;0.0
1203546;0.03225806452
18957;0.09756097561
1127156;0.06976744186
1268163;0.025
1313181;0.02631578947
1313182;0.05263157895
1313184;0.0243902439
1313188;0.05555555556
1404236;0.0
1445834;0.17948717949999998
1445885;0.075
1445992;0.275
1446765;0.09756097561
1446766;0.1052631579
1454054;0.07894736842
1110366;0.0
1199657;0.0
1349410;0.0
1265146;0.03125
21017;0.0
70520;0.1785714286
86326;0.0
1187671;0.07894736842
1395915;0.0
5000385;0.03225806452
1134540;0.0
1134660;0.0
1321639;0.0
101710;0.0
51307;0.0
59382;0.04761904762
1269748;0.025
1351760;0.44444444439999997
1128346;0.06666666667
1153954;0.04651162791
1153960;0.0406504065
1153961;0.1071428571
1268544;0.0
1313944;0.18
1342766;0.04
1419849;0.07894736842
1420135;0.23809523810000002
1457165;0.0487804878
1168520;0.1475409836
1150467;0.09009009008999999
1150374;0.08771929825000001
1160224;0.0989010989
1203116;0.04938271605
1268536;0.059405940590000005
1150438;0.04864864865
1149803;0.07058823529
1149804;0.01219512195
1149897;0.14361702129999998
1150397;0.0495049505
1152201;0.03191489362
1179304;0.047058823529999995
1151449;0.05140186916
1177589;0.05434782609
1150302;0.1354166667
1215132;0.0987654321
1450923;0.04651162791
1149689;0.056497175139999994
1149738;0.078125
1149739;0.04444444444
1150259;0.09090909091
1278856;0.1084337349
1516546;0.05154639175
1150342;0.06849315068
1457365;0.0987654321
1156898;0.2458100559
1364472;0.0
1364474;0.0
1183685;0.062146892659999994
1183690;0.043902439019999996
1516871;0.14285714289999998
1284534;0.08510638298
1157132;0.125
1353076;0.2
1364774;0.09090909091
1321831;0.14285714289999998
1333564;0.0
1388670;0.0
1364561;0.03488372093
5000999;0.0
1364871;0.0
1283779;0.1538461538
1364443;0.0
1187614;0.0
1396989;0.13636363640000002
5001358;0.0
1263622;0.24
1365706;0.29518072289999997
1441975;0.036585365849999996
1321335;0.09278350515
1207269;0.051282051280000004
5001366;0.25
86318;0.025
1206881;0.0
1457090;0.08695652173999999
5001196;0.3088235294
1285187;0.0
1285974;0.4482758621
1285976;0.75
1288002;0.06315789474
1370858;0.0
1309171;0.0
1321347;0.1326530612
1382749;0.07954545455
1304924;0.02941176471
1351364;0.2
1371335;0.061728395059999996
55777;0.09677419355
1307549;0.1
1496399;0.14285714289999998
1333186;0.0
1331580;0.0
1337696;0.3043478261
1386426;0.1368421053
1385021;0.04545454545
1458147;0.0625
5001424;0.07317073170999999
1458085;0.09756097561
5001434;0.05813953488
1503889;0.0
14137;0.08333333333000001
118468;0.0
112893;0.020408163269999998
1128077;0.0
