mean_fit_time;std_fit_time;mean_score_time;std_score_time;param_activation;param_hidden_layer_sizes;param_learning_rate;param_max_iter;param_solver;params;split0_test_score;split1_test_score;split2_test_score;split3_test_score;split4_test_score;mean_test_score;std_test_score;rank_test_score
0.8366304874420166;0.07171931173493039;0.008549308776855469;0.00012892504009544474;logistic;(300,);adaptive;100;adam;{'activation': 'logistic', 'hidden_layer_sizes': (300,), 'learning_rate': 'adaptive', 'max_iter': 100, 'solver': 'adam'};-0.10744662443370571;-0.1027981213830886;-0.06842375967641912;-0.06876527096286726;-0.11870290227649002;-0.09322733574651414;0.020767294469133474;1
0.701554250717163;0.08864686970920722;0.00942525863647461;0.002686268767174902;logistic;(300,);constant;200;adam;{'activation': 'logistic', 'hidden_layer_sizes': (300,), 'learning_rate': 'constant', 'max_iter': 200, 'solver': 'adam'};-0.10614056535163909;-0.10177399162269986;-0.06832471855290208;-0.0710609862985726;-0.11919598635837245;-0.09329924963683722;0.020127737940479642;2
0.795877742767334;0.1191030665585097;0.00883173942565918;0.0002550584977029779;logistic;(300,);constant;300;adam;{'activation': 'logistic', 'hidden_layer_sizes': (300,), 'learning_rate': 'constant', 'max_iter': 300, 'solver': 'adam'};-0.10701782360965367;-0.10112969371434608;-0.06895358888056839;-0.06929484175642305;-0.12073952385246033;-0.0934270943626903;0.020839025165809447;3
0.536870002746582;0.045526101030399016;0.007651233673095703;0.0012759127346822872;logistic;(200,);constant;200;adam;{'activation': 'logistic', 'hidden_layer_sizes': (200,), 'learning_rate': 'constant', 'max_iter': 200, 'solver': 'adam'};-0.10621018768676814;-0.10113674864660957;-0.07089097132105567;-0.07095631966540068;-0.11915959768484173;-0.09367076500093516;0.019480881148852103;4
0.9519376277923584;0.4287124538525337;0.009847640991210938;0.004755485037495373;logistic;(200,);invscaling;100;adam;{'activation': 'logistic', 'hidden_layer_sizes': (200,), 'learning_rate': 'invscaling', 'max_iter': 100, 'solver': 'adam'};-0.11006870618341012;-0.10056718932365194;-0.06903237450546697;-0.06932428015777205;-0.1194259488957477;-0.09368369981320976;0.02087861784121346;5
1.2458141326904297;0.24241185229929224;0.011450624465942383;0.0015710022687193176;logistic;(400,);adaptive;100;adam;{'activation': 'logistic', 'hidden_layer_sizes': (400,), 'learning_rate': 'adaptive', 'max_iter': 100, 'solver': 'adam'};-0.10729931208314744;-0.10384346361860675;-0.06853073826553066;-0.06817752347791606;-0.12078552211980657;-0.0937273119130015;0.02147715747576927;6
0.7247040271759033;0.0815486942271909;0.008455896377563476;4.3871506330190456e-05;logistic;(300,);invscaling;200;adam;{'activation': 'logistic', 'hidden_layer_sizes': (300,), 'learning_rate': 'invscaling', 'max_iter': 200, 'solver': 'adam'};-0.10685115270403248;-0.10406844915433378;-0.06928725360865648;-0.06755481696272621;-0.12093640911740539;-0.09373961630943087;0.02145611554817045;7
0.9436824321746826;0.17093035824688718;0.011068439483642578;0.0035860457454179244;logistic;(400,);constant;300;adam;{'activation': 'logistic', 'hidden_layer_sizes': (400,), 'learning_rate': 'constant', 'max_iter': 300, 'solver': 'adam'};-0.10674321522942545;-0.10269169419653859;-0.07114695928038135;-0.06843621700197372;-0.11998690417316904;-0.09380099797629762;0.02043929907394386;8
1.3295541763305665;0.24002434704801673;0.019471502304077147;0.010476399811459185;logistic;(200,);adaptive;300;adam;{'activation': 'logistic', 'hidden_layer_sizes': (200,), 'learning_rate': 'adaptive', 'max_iter': 300, 'solver': 'adam'};-0.10705454437271955;-0.1018575884931672;-0.06841015554827035;-0.07389135331015405;-0.11878266176557851;-0.09399926069797793;0.019521992510613557;9
0.6495419979095459;0.08257002235064373;0.009346437454223634;0.00013488748089743096;logistic;(400,);constant;300;sgd;{'activation': 'logistic', 'hidden_layer_sizes': (400,), 'learning_rate': 'constant', 'max_iter': 300, 'solver': 'sgd'};-0.10574743929309964;-0.10137840705861667;-0.06944596553599655;-0.07391201014345375;-0.11956376951490472;-0.09400951830921425;0.019247737656275347;10
1.1175454139709473;0.22601307670130322;0.013603925704956055;0.004141820528342538;logistic;(200,);adaptive;100;adam;{'activation': 'logistic', 'hidden_layer_sizes': (200,), 'learning_rate': 'adaptive', 'max_iter': 100, 'solver': 'adam'};-0.10789301454686347;-0.10407565944122608;-0.06907707619420644;-0.07019656254670878;-0.11891240506276674;-0.0940309435583543;0.020508113860077015;11
0.707965087890625;0.13663709804297525;0.009438323974609374;0.00012356426936453962;logistic;(400,);constant;100;sgd;{'activation': 'logistic', 'hidden_layer_sizes': (400,), 'learning_rate': 'constant', 'max_iter': 100, 'solver': 'sgd'};-0.10523590059505607;-0.10115846399488383;-0.06908374991905133;-0.0750489313994611;-0.11993296281835004;-0.09409200174536048;0.019130749212087406;12
2.8039010047912596;0.5122454093443926;0.01010909080505371;0.001802764891847609;logistic;(300,);adaptive;100;sgd;{'activation': 'logistic', 'hidden_layer_sizes': (300,), 'learning_rate': 'adaptive', 'max_iter': 100, 'solver': 'sgd'};-0.10597384472447394;-0.1012079575718829;-0.06917324546477448;-0.07450955027801166;-0.11980245729447865;-0.09413341106672432;0.019273042265461594;13
6.050826692581177;1.6198362209070531;0.0128509521484375;0.0020518278948171253;logistic;(200,);adaptive;300;sgd;{'activation': 'logistic', 'hidden_layer_sizes': (200,), 'learning_rate': 'adaptive', 'max_iter': 300, 'solver': 'sgd'};-0.1060715942927277;-0.10117322373981766;-0.06925114007678655;-0.07443367421322111;-0.11991560045375241;-0.09416904655526108;0.019308035441609344;14
0.9234722137451172;0.09828613218443723;0.009290933609008789;4.176233368544981e-05;logistic;(400,);constant;200;adam;{'activation': 'logistic', 'hidden_layer_sizes': (400,), 'learning_rate': 'constant', 'max_iter': 200, 'solver': 'adam'};-0.10681744786070722;-0.10186354950058851;-0.06927615671815371;-0.07129026124781983;-0.12165790447763573;-0.094181063960981;0.020581150602101507;15
0.35445632934570315;0.034482196011542135;0.032761240005493165;0.005566444687347234;logistic;(300,);constant;100;lbfgs;{'activation': 'logistic', 'hidden_layer_sizes': (300,), 'learning_rate': 'constant', 'max_iter': 100, 'solver': 'lbfgs'};-0.10627941979337889;-0.10147640516076543;-0.0692226957200004;-0.07418400238100323;-0.11979338839185934;-0.09419118228940146;0.019382391415943067;16
0.19069967269897461;0.04068645773621095;0.015940284729003905;0.0052694947081465965;logistic;(300,);adaptive;100;lbfgs;{'activation': 'logistic', 'hidden_layer_sizes': (300,), 'learning_rate': 'adaptive', 'max_iter': 100, 'solver': 'lbfgs'};-0.106215913766648;-0.10152172966354663;-0.06902639293089914;-0.07449811819982713;-0.11977728893935422;-0.09420788870005503;0.019360072037987442;17
0.2608593463897705;0.056176006672994105;0.03031773567199707;0.011309566737505187;logistic;(400,);constant;200;lbfgs;{'activation': 'logistic', 'hidden_layer_sizes': (400,), 'learning_rate': 'constant', 'max_iter': 200, 'solver': 'lbfgs'};-0.10611004355113528;-0.10147255498490565;-0.06916171597651039;-0.07480407530463422;-0.11962292936053817;-0.09423426383554474;0.019205083817814664;18
0.15214247703552247;0.03318332940482794;0.01472158432006836;0.004430872504550365;logistic;(200,);invscaling;200;lbfgs;{'activation': 'logistic', 'hidden_layer_sizes': (200,), 'learning_rate': 'invscaling', 'max_iter': 200, 'solver': 'lbfgs'};-0.10631143379611487;-0.1015854492183077;-0.0691441894485055;-0.0744404811891087;-0.119769457639283;-0.09425020225826396;0.01935586979403219;19
0.2143327236175537;0.03485601591307819;0.02283015251159668;0.011290809646451757;logistic;(200,);constant;100;lbfgs;{'activation': 'logistic', 'hidden_layer_sizes': (200,), 'learning_rate': 'constant', 'max_iter': 100, 'solver': 'lbfgs'};-0.10623203026257104;-0.10172176479804584;-0.06917129884155558;-0.07425968239382556;-0.11994134345909056;-0.09426522395101773;0.019431903345222292;20
0.27114319801330566;0.04574746928249825;0.018921518325805665;0.00490262322318187;logistic;(400,);adaptive;100;lbfgs;{'activation': 'logistic', 'hidden_layer_sizes': (400,), 'learning_rate': 'adaptive', 'max_iter': 100, 'solver': 'lbfgs'};-0.10631832889878624;-0.10155156102321962;-0.06908790322087655;-0.07463318010253456;-0.11977829395512715;-0.09427385344010882;0.019331834058479845;21
2.9005517959594727;0.24874787750730287;0.008573961257934571;0.0001052852126126483;logistic;(300,);adaptive;200;sgd;{'activation': 'logistic', 'hidden_layer_sizes': (300,), 'learning_rate': 'adaptive', 'max_iter': 200, 'solver': 'sgd'};-0.1062587520112945;-0.10151281043857628;-0.06949512063193365;-0.07431071217960143;-0.1198204981914169;-0.09427957869056455;0.019293438236406963;22
0.2530686855316162;0.03289624193092485;0.021130466461181642;0.0028817302391320743;logistic;(400,);invscaling;200;lbfgs;{'activation': 'logistic', 'hidden_layer_sizes': (400,), 'learning_rate': 'invscaling', 'max_iter': 200, 'solver': 'lbfgs'};-0.10621068959182166;-0.10142218370184612;-0.06929680740881801;-0.07485374208493575;-0.11968999608346956;-0.09429468377417823;0.01918623659654922;23
0.14829859733581544;0.029391433116908984;0.013256311416625977;0.005021857652541362;logistic;(200,);adaptive;100;lbfgs;{'activation': 'logistic', 'hidden_layer_sizes': (200,), 'learning_rate': 'adaptive', 'max_iter': 100, 'solver': 'lbfgs'};-0.10616761981030966;-0.10137557348145217;-0.06925624616062279;-0.07484553821184263;-0.1198537039489639;-0.09429973632263823;0.01923310487181591;24
0.2635091781616211;0.04683925525589518;0.020841646194458007;0.009008773001588113;logistic;(400,);constant;100;lbfgs;{'activation': 'logistic', 'hidden_layer_sizes': (400,), 'learning_rate': 'constant', 'max_iter': 100, 'solver': 'lbfgs'};-0.10611641318846031;-0.10148377934166464;-0.06977781436316123;-0.07425985775051298;-0.1198667549185919;-0.09430092391247821;0.019224141847461875;25
0.266754150390625;0.030116114544953484;0.020663118362426756;0.0026100594746006033;logistic;(400,);invscaling;300;lbfgs;{'activation': 'logistic', 'hidden_layer_sizes': (400,), 'learning_rate': 'invscaling', 'max_iter': 300, 'solver': 'lbfgs'};-0.10609262711510813;-0.10160853250012708;-0.06930345015214232;-0.07469501890142374;-0.11980991719101906;-0.09430190917196406;0.019247957536431368;26
0.19034385681152344;0.032310468487287344;0.01520223617553711;0.0009339628474930459;logistic;(300,);invscaling;200;lbfgs;{'activation': 'logistic', 'hidden_layer_sizes': (300,), 'learning_rate': 'invscaling', 'max_iter': 200, 'solver': 'lbfgs'};-0.10614217946889282;-0.10137947785807822;-0.06943715306612347;-0.07488392704632413;-0.11967740696994528;-0.09430402888187278;0.019128585788160634;27
3.456596612930298;0.33289175111630315;0.01423487663269043;0.00837739971080385;logistic;(400,);adaptive;100;sgd;{'activation': 'logistic', 'hidden_layer_sizes': (400,), 'learning_rate': 'adaptive', 'max_iter': 100, 'solver': 'sgd'};-0.10628347123772407;-0.10158652831533455;-0.06928120478158176;-0.074820740163282;-0.11957044991692425;-0.09430847888296931;0.019186839423467064;28
1.1021856307983398;0.17872747924279722;0.009871149063110351;0.0006223956092261673;logistic;(400,);adaptive;300;adam;{'activation': 'logistic', 'hidden_layer_sizes': (400,), 'learning_rate': 'adaptive', 'max_iter': 300, 'solver': 'adam'};-0.10680996949068512;-0.1037526161763113;-0.06860319549974234;-0.0726543659207834;-0.11975910807861712;-0.09431585103322784;0.020114052069798244;29
0.20236701965332032;0.03154256959999126;0.016126441955566406;0.0018175917735848066;logistic;(300,);adaptive;200;lbfgs;{'activation': 'logistic', 'hidden_layer_sizes': (300,), 'learning_rate': 'adaptive', 'max_iter': 200, 'solver': 'lbfgs'};-0.10616454464060222;-0.10182913560104802;-0.06944060101421914;-0.07430175134673687;-0.11984952934031363;-0.09431711238858398;0.019329521229984596;30
0.41935243606567385;0.08341571831680147;0.007022047042846679;9.867264488755223e-05;logistic;(200,);constant;300;sgd;{'activation': 'logistic', 'hidden_layer_sizes': (200,), 'learning_rate': 'constant', 'max_iter': 300, 'solver': 'sgd'};-0.10669836070288685;-0.10144348240678389;-0.06958462029073914;-0.07416031741414758;-0.1197339037681962;-0.09432413691655073;0.01932918025050681;31
0.2005594253540039;0.0147956434226223;0.020513343811035156;0.002334117798810106;logistic;(300,);invscaling;100;lbfgs;{'activation': 'logistic', 'hidden_layer_sizes': (300,), 'learning_rate': 'invscaling', 'max_iter': 100, 'solver': 'lbfgs'};-0.10621413899953548;-0.10139006179068849;-0.06910034915306774;-0.07481708472786745;-0.12010859919199877;-0.0943260467726316;0.019354082125928058;32
0.7953386306762695;0.08246590840582792;0.009006166458129882;0.0012520876739682192;logistic;(300,);adaptive;300;adam;{'activation': 'logistic', 'hidden_layer_sizes': (300,), 'learning_rate': 'adaptive', 'max_iter': 300, 'solver': 'adam'};-0.10652139720087747;-0.10228908032025864;-0.07429561826515638;-0.06871216561132425;-0.11983553728302421;-0.0943307597361282;0.019596731588337316;33
0.20787425041198732;0.05074721140386009;0.023365592956542967;0.007543294537399421;logistic;(200,);constant;200;lbfgs;{'activation': 'logistic', 'hidden_layer_sizes': (200,), 'learning_rate': 'constant', 'max_iter': 200, 'solver': 'lbfgs'};-0.10612003681536882;-0.10176240801849235;-0.06925044013422015;-0.07475539107474811;-0.11984979582736918;-0.09434761437403971;0.01927513280078056;34
0.2554135799407959;0.057979836333219556;0.020182418823242187;0.00465660597364296;logistic;(300,);constant;200;lbfgs;{'activation': 'logistic', 'hidden_layer_sizes': (300,), 'learning_rate': 'constant', 'max_iter': 200, 'solver': 'lbfgs'};-0.10616313314520498;-0.1014763582670189;-0.06959452636820561;-0.07479165875467021;-0.11972450910979542;-0.09435003712897902;0.019128842078995175;35
0.275560188293457;0.028674462944982673;0.02199578285217285;0.003344095502692412;logistic;(400,);adaptive;200;lbfgs;{'activation': 'logistic', 'hidden_layer_sizes': (400,), 'learning_rate': 'adaptive', 'max_iter': 200, 'solver': 'lbfgs'};-0.10617504588508046;-0.10154066780255983;-0.06935545987314029;-0.07515906764132997;-0.11959277778270609;-0.09436460379696333;0.01908797054907582;36
1.3163320541381835;0.07052262628462042;0.015982294082641603;0.004290703429723414;logistic;(200,);adaptive;200;adam;{'activation': 'logistic', 'hidden_layer_sizes': (200,), 'learning_rate': 'adaptive', 'max_iter': 200, 'solver': 'adam'};-0.10649857562184449;-0.10179788548166696;-0.07385318760162407;-0.0710148494968794;-0.1186734287727765;-0.09436758539495829;0.018758118755989147;37
1.5644362449645997;0.16292903424874944;0.005602550506591797;9.67152716975761e-05;relu;(200,);adaptive;100;sgd;{'activation': 'relu', 'hidden_layer_sizes': (200,), 'learning_rate': 'adaptive', 'max_iter': 100, 'solver': 'sgd'};-0.10793055170201336;-0.10357019713696643;-0.0702949753989379;-0.07118098750151136;-0.11888024929145662;-0.09437139220617714;0.019932995814262288;38
0.2782130718231201;0.03018516942485616;0.020860671997070312;0.003368131647083139;logistic;(400,);adaptive;300;lbfgs;{'activation': 'logistic', 'hidden_layer_sizes': (400,), 'learning_rate': 'adaptive', 'max_iter': 300, 'solver': 'lbfgs'};-0.10600181194375266;-0.10184448475267911;-0.06904314450230607;-0.07513120054552448;-0.11987319036825204;-0.09437876642250288;0.019251806772206823;39
0.2564037322998047;0.021619036436909534;0.0207672119140625;0.00540302509703873;logistic;(400,);invscaling;100;lbfgs;{'activation': 'logistic', 'hidden_layer_sizes': (400,), 'learning_rate': 'invscaling', 'max_iter': 100, 'solver': 'lbfgs'};-0.10616024234317627;-0.10161304534642447;-0.06933001205027797;-0.0749565319399314;-0.11984753676498404;-0.09438147368895883;0.01920655867367258;40
3.2222705364227293;0.18033001977190471;0.011215448379516602;0.0021973200342607665;logistic;(400,);adaptive;200;sgd;{'activation': 'logistic', 'hidden_layer_sizes': (400,), 'learning_rate': 'adaptive', 'max_iter': 200, 'solver': 'sgd'};-0.10632646501119292;-0.10156325481010135;-0.06958371506804474;-0.07449161964800716;-0.11994347695685513;-0.09438170629884027;0.019278028607454298;41
0.19539470672607423;0.030489265805188934;0.012815237045288086;0.0040875726816357654;logistic;(300,);invscaling;300;lbfgs;{'activation': 'logistic', 'hidden_layer_sizes': (300,), 'learning_rate': 'invscaling', 'max_iter': 300, 'solver': 'lbfgs'};-0.10598525935985077;-0.10133502622241229;-0.06961193198221002;-0.07534950690310822;-0.1197281911688122;-0.0944019831272787;0.018979987748414313;42
0.18425326347351073;0.05114982160379698;0.01866750717163086;0.009533302708643622;logistic;(200,);invscaling;100;lbfgs;{'activation': 'logistic', 'hidden_layer_sizes': (200,), 'learning_rate': 'invscaling', 'max_iter': 100, 'solver': 'lbfgs'};-0.10652902416573519;-0.10168080687919173;-0.06943268858542492;-0.07447527139123604;-0.1199045223889521;-0.09440446268210799;0.019344070864951064;43
0.18151755332946778;0.02150249093410098;0.017424535751342774;0.00743988098975566;logistic;(200,);invscaling;300;lbfgs;{'activation': 'logistic', 'hidden_layer_sizes': (200,), 'learning_rate': 'invscaling', 'max_iter': 300, 'solver': 'lbfgs'};-0.10614970502136685;-0.10184111772611283;-0.06945701051173137;-0.07455727778433097;-0.1200208547916864;-0.09440519316704568;0.01931704022905605;44
0.8328075885772706;0.05341724131801332;0.009333610534667969;7.971271242301274e-05;logistic;(400,);invscaling;200;adam;{'activation': 'logistic', 'hidden_layer_sizes': (400,), 'learning_rate': 'invscaling', 'max_iter': 200, 'solver': 'adam'};-0.10703476446445796;-0.10267288558481878;-0.07603486932008835;-0.06738838459119004;-0.11894874226188797;-0.09441592924448862;0.01948138998527558;45
3.304847574234009;0.2278109712714655;0.01119542121887207;0.001778158050493575;logistic;(400,);adaptive;300;sgd;{'activation': 'logistic', 'hidden_layer_sizes': (400,), 'learning_rate': 'adaptive', 'max_iter': 300, 'solver': 'sgd'};-0.1061291350007803;-0.10163759387233386;-0.06953053759642781;-0.07505890587159181;-0.11972951266637133;-0.09441713700150102;0.019100294232214193;46
0.13606863021850585;0.027453880675868934;0.011686611175537109;0.002975260052058272;logistic;(200,);constant;300;lbfgs;{'activation': 'logistic', 'hidden_layer_sizes': (200,), 'learning_rate': 'constant', 'max_iter': 300, 'solver': 'lbfgs'};-0.10625505608340813;-0.10142404666129981;-0.0695783930584948;-0.07511445198684497;-0.11974057346944016;-0.09442250425189758;0.01907913127540394;47
0.20293116569519043;0.0568920711168822;0.013787841796875;0.003928383083955229;logistic;(300,);constant;300;lbfgs;{'activation': 'logistic', 'hidden_layer_sizes': (300,), 'learning_rate': 'constant', 'max_iter': 300, 'solver': 'lbfgs'};-0.10608920574444183;-0.10173822247829767;-0.06945981405551757;-0.07515895536030069;-0.11974584277696865;-0.09443840808310529;0.019105612180821217;48
0.2480456829071045;0.03825935178330741;0.016765689849853514;0.0037535735996741667;logistic;(400,);constant;300;lbfgs;{'activation': 'logistic', 'hidden_layer_sizes': (400,), 'learning_rate': 'constant', 'max_iter': 300, 'solver': 'lbfgs'};-0.10632135074274567;-0.10147194624113506;-0.06934329887385689;-0.07520576822373744;-0.11985021005236089;-0.09443851482676718;0.01916295179101958;49
7.0974281311035154;2.707484317272841;0.02015972137451172;0.009545298359405542;logistic;(200,);adaptive;100;sgd;{'activation': 'logistic', 'hidden_layer_sizes': (200,), 'learning_rate': 'adaptive', 'max_iter': 100, 'solver': 'sgd'};-0.1063715489569434;-0.10145360239688832;-0.06921213308278422;-0.07541272410028031;-0.11976973609541275;-0.09444394892646181;0.01913964696196632;50
0.29657783508300783;0.07288746034464062;0.03449182510375977;0.01626690266644889;logistic;(200,);adaptive;300;lbfgs;{'activation': 'logistic', 'hidden_layer_sizes': (200,), 'learning_rate': 'adaptive', 'max_iter': 300, 'solver': 'lbfgs'};-0.10626321553370034;-0.10181186071983847;-0.06958231810379036;-0.07519679971983204;-0.1195852489628475;-0.09448788860800175;0.019050511495046725;51
0.2813462257385254;0.03019016504753451;0.03270158767700195;0.010122788323144226;logistic;(200,);adaptive;200;lbfgs;{'activation': 'logistic', 'hidden_layer_sizes': (200,), 'learning_rate': 'adaptive', 'max_iter': 200, 'solver': 'lbfgs'};-0.10604904456000491;-0.10171771113486724;-0.06926768707024841;-0.07546778917701735;-0.1200488687148489;-0.09451022013139736;0.019168279104937347;52
0.22269120216369628;0.03692431813094365;0.021698856353759767;0.007180229452171877;logistic;(300,);adaptive;300;lbfgs;{'activation': 'logistic', 'hidden_layer_sizes': (300,), 'learning_rate': 'adaptive', 'max_iter': 300, 'solver': 'lbfgs'};-0.10651559884483189;-0.10166523650565905;-0.06934403542215452;-0.07544108208450061;-0.11972453134395984;-0.09453809684022117;0.019120930209640705;53
2.730300235748291;0.12329098252979317;0.009498882293701171;0.0015385748913521397;logistic;(300,);adaptive;300;sgd;{'activation': 'logistic', 'hidden_layer_sizes': (300,), 'learning_rate': 'adaptive', 'max_iter': 300, 'solver': 'sgd'};-0.10632172682444128;-0.1020325480461882;-0.06950060576009533;-0.07504710575130558;-0.11983532151776771;-0.09454746157995962;0.019192418115462774;54
0.8699093818664551;0.09644098135155843;0.011484050750732422;0.0035154267624009235;logistic;(400,);adaptive;200;adam;{'activation': 'logistic', 'hidden_layer_sizes': (400,), 'learning_rate': 'adaptive', 'max_iter': 200, 'solver': 'adam'};-0.10823773181774314;-0.10058352078689267;-0.06939452021720369;-0.07380553359330255;-0.12075723475823356;-0.09455570823467513;0.01986810215272232;55
0.8431849479675293;0.3005010560898407;0.010125207901000976;0.0027807613474310922;logistic;(200,);constant;100;sgd;{'activation': 'logistic', 'hidden_layer_sizes': (200,), 'learning_rate': 'constant', 'max_iter': 100, 'solver': 'sgd'};-0.10585972344823644;-0.10184424746736132;-0.06949066588250355;-0.07605894061303979;-0.11966585604811603;-0.09458388669185143;0.01887753097068242;56
7.63415937423706;3.024211196749738;0.025642871856689453;0.016270205939648546;logistic;(200,);adaptive;200;sgd;{'activation': 'logistic', 'hidden_layer_sizes': (200,), 'learning_rate': 'adaptive', 'max_iter': 200, 'solver': 'sgd'};-0.10618557273532112;-0.10172459571960842;-0.06945019069685461;-0.0756168177337634;-0.12013933295566645;-0.0946233019682428;0.01913172386181019;57
2.404962682723999;0.17935851360993438;0.0068168163299560545;2.726257811058695e-05;relu;(400,);adaptive;100;sgd;{'activation': 'relu', 'hidden_layer_sizes': (400,), 'learning_rate': 'adaptive', 'max_iter': 100, 'solver': 'sgd'};-0.1080282040104091;-0.1013371136563897;-0.06993769306335496;-0.07425857980673801;-0.11977869098997311;-0.09466805630537298;0.01939923423202815;58
0.5304666996002197;0.03480218086223548;0.008669662475585937;0.00014203908860134395;logistic;(300,);constant;300;sgd;{'activation': 'logistic', 'hidden_layer_sizes': (300,), 'learning_rate': 'constant', 'max_iter': 300, 'solver': 'sgd'};-0.10670836064491017;-0.10149438072278508;-0.06938298352534301;-0.07627593921583813;-0.1196691209392271;-0.09470615700962069;0.018943170192313837;59
0.5578304767608643;0.12322537149045147;0.008837747573852538;0.0008141117956363083;logistic;(300,);constant;200;sgd;{'activation': 'logistic', 'hidden_layer_sizes': (300,), 'learning_rate': 'constant', 'max_iter': 200, 'solver': 'sgd'};-0.10597903208998256;-0.10186094947599923;-0.06904699863273217;-0.07735652142794623;-0.11940962946236203;-0.09473062621780444;0.018697216845050216;60
0.8314020156860351;0.3146579082755276;0.008061361312866212;0.00272671556866496;logistic;(200,);constant;200;sgd;{'activation': 'logistic', 'hidden_layer_sizes': (200,), 'learning_rate': 'constant', 'max_iter': 200, 'solver': 'sgd'};-0.10647136607197627;-0.10171146301180901;-0.0699897409630904;-0.07581733977811637;-0.11978619303042146;-0.0947552205710827;0.018890099341691835;61
0.8195796966552734;0.18479859158000667;0.010126304626464844;0.0009229787125828907;logistic;(400,);constant;200;sgd;{'activation': 'logistic', 'hidden_layer_sizes': (400,), 'learning_rate': 'constant', 'max_iter': 200, 'solver': 'sgd'};-0.1059731992224886;-0.10226735008631387;-0.06931244331412634;-0.07572961566839188;-0.12050742378525174;-0.09475800641531448;0.019260112268191028;62
1.271700096130371;0.12483088082737258;0.012960338592529297;0.0038626581422237832;logistic;(300,);constant;100;sgd;{'activation': 'logistic', 'hidden_layer_sizes': (300,), 'learning_rate': 'constant', 'max_iter': 100, 'solver': 'sgd'};-0.10660299488081335;-0.10145474863395892;-0.07053607137069273;-0.07511539479448637;-0.12032264491353513;-0.09480637091869729;0.019032726985916185;63
0.5315987586975097;0.11878475265702637;0.007521915435791016;0.0010671386277374257;logistic;(200,);constant;300;adam;{'activation': 'logistic', 'hidden_layer_sizes': (200,), 'learning_rate': 'constant', 'max_iter': 300, 'solver': 'adam'};-0.1063782235197229;-0.10157731048691472;-0.07064733766378534;-0.07689326926337038;-0.11934955273704002;-0.09496913873416667;0.01836587488219278;64
0.5190085411071778;0.05967958989913441;0.006128978729248047;5.727475292543094e-05;relu;(300,);constant;300;sgd;{'activation': 'relu', 'hidden_layer_sizes': (300,), 'learning_rate': 'constant', 'max_iter': 300, 'solver': 'sgd'};-0.10722179098571596;-0.10429797518232845;-0.07107935023373992;-0.07326542304812288;-0.11932218505180817;-0.09503734490034307;0.019349292237151018;65
0.6128518104553222;0.03451941580606757;0.006412363052368164;2.0041120296117475e-05;relu;(400,);constant;100;sgd;{'activation': 'relu', 'hidden_layer_sizes': (400,), 'learning_rate': 'constant', 'max_iter': 100, 'solver': 'sgd'};-0.10781592392544138;-0.10425987656898843;-0.07087301453428294;-0.07297435413512735;-0.12108246078036727;-0.09540112598884146;0.019983613154923124;66
2.3109258651733398;0.090544417239248;0.006498289108276367;7.112812241135146e-05;relu;(400,);adaptive;200;sgd;{'activation': 'relu', 'hidden_layer_sizes': (400,), 'learning_rate': 'adaptive', 'max_iter': 200, 'solver': 'sgd'};-0.10712700128980086;-0.10205562597924009;-0.07119811789467252;-0.07587717835564917;-0.12079993970382198;-0.09541157264463693;0.018941213509968698;67
0.7957299709320068;0.12239015797204317;0.009028387069702149;0.001023119227849886;logistic;(300,);adaptive;200;adam;{'activation': 'logistic', 'hidden_layer_sizes': (300,), 'learning_rate': 'adaptive', 'max_iter': 200, 'solver': 'adam'};-0.1100398073976218;-0.10630411316588835;-0.07040030005308653;-0.06921001456538878;-0.12151283999616169;-0.09549341503562943;0.021568313609995327;68
0.3922762870788574;0.06393141986815816;0.005466175079345703;5.584420720053435e-05;relu;(200,);adaptive;300;adam;{'activation': 'relu', 'hidden_layer_sizes': (200,), 'learning_rate': 'adaptive', 'max_iter': 300, 'solver': 'adam'};-0.10868332966158409;-0.10712789461032997;-0.06919038332166629;-0.07193999382011328;-0.12052594557120735;-0.0954935093969802;0.020892944627722992;69
2.4313642024993896;0.16095367098512778;0.006784486770629883;6.936061567498261e-05;relu;(400,);adaptive;300;sgd;{'activation': 'relu', 'hidden_layer_sizes': (400,), 'learning_rate': 'adaptive', 'max_iter': 300, 'solver': 'sgd'};-0.1077777074008459;-0.10394960672986094;-0.07078634132900616;-0.07515546172138625;-0.1198531999204775;-0.09550446342031535;0.019182707641741334;70
0.4924026012420654;0.03634203104769778;0.00592494010925293;7.790518151255127e-05;relu;(300,);adaptive;100;adam;{'activation': 'relu', 'hidden_layer_sizes': (300,), 'learning_rate': 'adaptive', 'max_iter': 100, 'solver': 'adam'};-0.10831189696240426;-0.10444803884786434;-0.0708712236887907;-0.07324871277849118;-0.1206611826095961;-0.09550821097742931;0.019894689149682676;71
0.8284454822540284;0.65920788068092;0.009427738189697266;6.395156082936504e-05;logistic;(400,);invscaling;100;sgd;{'activation': 'logistic', 'hidden_layer_sizes': (400,), 'learning_rate': 'invscaling', 'max_iter': 100, 'solver': 'sgd'};-0.10755400701783589;-0.10442662663628031;-0.0724244678722782;-0.06827114817308864;-0.12490299614023814;-0.09551584916794424;0.02174124756825715;72
0.9198853492736816;0.09882797839398125;0.009736919403076172;0.000461745763800967;logistic;(400,);constant;100;adam;{'activation': 'logistic', 'hidden_layer_sizes': (400,), 'learning_rate': 'constant', 'max_iter': 100, 'solver': 'adam'};-0.10771291146251684;-0.10519346732222457;-0.06903980848273664;-0.07665997364732235;-0.11904608747570414;-0.0955304496781009;0.019249002273973494;73
0.5965404510498047;0.03398085449405687;0.0060940742492675785;7.60631647131264e-05;relu;(300,);constant;200;sgd;{'activation': 'relu', 'hidden_layer_sizes': (300,), 'learning_rate': 'constant', 'max_iter': 200, 'solver': 'sgd'};-0.10606979123681985;-0.10305430283036823;-0.06963564950739365;-0.07864750498695995;-0.12044561072052419;-0.09557057185641317;0.018676283275304715;74
0.911851167678833;0.09219340552591312;0.009293031692504884;0.00010143284691862976;logistic;(400,);invscaling;100;adam;{'activation': 'logistic', 'hidden_layer_sizes': (400,), 'learning_rate': 'invscaling', 'max_iter': 100, 'solver': 'adam'};-0.10645623540117459;-0.1023049089038359;-0.06998818705594395;-0.08009203429107878;-0.11943579392821918;-0.09565543191605047;0.018041093768986365;75
0.37701897621154784;0.028234267226497477;0.005448055267333984;3.33398866932508e-05;relu;(200,);invscaling;200;adam;{'activation': 'relu', 'hidden_layer_sizes': (200,), 'learning_rate': 'invscaling', 'max_iter': 200, 'solver': 'adam'};-0.10975125658158447;-0.10649137850152321;-0.07037220110273557;-0.07290080401312236;-0.11887195396745628;-0.09567751883328439;0.020060554926365392;76
1.986779546737671;0.05248634528247286;0.0060455322265625;7.111581413766761e-05;relu;(300,);adaptive;200;sgd;{'activation': 'relu', 'hidden_layer_sizes': (300,), 'learning_rate': 'adaptive', 'max_iter': 200, 'solver': 'sgd'};-0.10697821568421763;-0.10242872829106364;-0.0702705410664147;-0.07702876943296673;-0.121717692933087;-0.09568478948154993;0.019207630539647306;77
0.5693195343017579;0.1559133729875792;0.006476688385009766;7.0216599022674435e-06;relu;(400,);constant;200;sgd;{'activation': 'relu', 'hidden_layer_sizes': (400,), 'learning_rate': 'constant', 'max_iter': 200, 'solver': 'sgd'};-0.10905055574448548;-0.10488841938470395;-0.06986684130519086;-0.07414814838117417;-0.12048238795495342;-0.09568727055410158;0.020043276819835382;78
0.37157316207885743;0.05264758188332947;0.00551900863647461;8.147382070749957e-05;relu;(200,);constant;300;adam;{'activation': 'relu', 'hidden_layer_sizes': (200,), 'learning_rate': 'constant', 'max_iter': 300, 'solver': 'adam'};-0.10976088441855013;-0.10614245321840775;-0.0678345849192802;-0.07479826239048408;-0.11996615050633261;-0.09570046709061095;0.020537591640080087;79
0.664946460723877;0.07128157373232348;0.008158349990844726;8.943494994630249e-05;logistic;(300,);invscaling;300;adam;{'activation': 'logistic', 'hidden_layer_sizes': (300,), 'learning_rate': 'invscaling', 'max_iter': 300, 'solver': 'adam'};-0.10684272957040203;-0.1028186956140848;-0.07646385770728009;-0.06834975188368711;-0.12411793913769159;-0.09571859478262913;0.020496238815248934;80
1.119094467163086;0.24917037385394936;0.010722637176513672;0.0032401918740171064;logistic;(300,);constant;100;adam;{'activation': 'logistic', 'hidden_layer_sizes': (300,), 'learning_rate': 'constant', 'max_iter': 100, 'solver': 'adam'};-0.10687028387131295;-0.10599111743041316;-0.07089134236358866;-0.07530788625012436;-0.11986050568453449;-0.09578422711999472;0.01921293679026981;81
0.6593300819396972;0.04765756802765023;0.006642484664916992;3.421837403330256e-05;relu;(400,);adaptive;300;adam;{'activation': 'relu', 'hidden_layer_sizes': (400,), 'learning_rate': 'adaptive', 'max_iter': 300, 'solver': 'adam'};-0.10907189293540762;-0.10671896261670824;-0.06984519899739716;-0.0738055433937966;-0.119608129085786;-0.09580994540581912;0.020097767135733448;82
0.4400013446807861;0.060146883637245345;0.005542850494384766;5.822699130948258e-05;relu;(200,);invscaling;300;adam;{'activation': 'relu', 'hidden_layer_sizes': (200,), 'learning_rate': 'invscaling', 'max_iter': 300, 'solver': 'adam'};-0.1078100395234293;-0.1052017436153454;-0.07177277895455679;-0.07431137040364517;-0.12013934656082617;-0.09584705581156057;0.01930852197978882;83
1.9973251342773437;0.0867888307759295;0.006011581420898438;4.527693737209023e-06;relu;(300,);adaptive;100;sgd;{'activation': 'relu', 'hidden_layer_sizes': (300,), 'learning_rate': 'adaptive', 'max_iter': 100, 'solver': 'sgd'};-0.1085575754914521;-0.10477096935805587;-0.07077870665147776;-0.07419581274230311;-0.12097512700998049;-0.09585563825065387;0.01984848404002524;84
0.3752908706665039;0.041124237640151294;0.0054476261138916016;2.6791714316309422e-05;relu;(200,);adaptive;200;adam;{'activation': 'relu', 'hidden_layer_sizes': (200,), 'learning_rate': 'adaptive', 'max_iter': 200, 'solver': 'adam'};-0.11026305864105948;-0.10575669792849435;-0.07157190420511628;-0.07214437903322019;-0.11986570323494908;-0.09592034860856788;0.02016923687856703;85
0.5440582275390625;0.04263293700093255;0.00609431266784668;0.00012638349167764016;relu;(300,);constant;100;adam;{'activation': 'relu', 'hidden_layer_sizes': (300,), 'learning_rate': 'constant', 'max_iter': 100, 'solver': 'adam'};-0.11171176489713346;-0.10674551872800878;-0.07130246667738623;-0.0707509302286044;-0.1191521634305291;-0.09593256879233239;0.020716222349329495;86
0.38634748458862306;0.09889316022523102;0.005638980865478515;0.0002737785199469661;relu;(200,);constant;200;sgd;{'activation': 'relu', 'hidden_layer_sizes': (200,), 'learning_rate': 'constant', 'max_iter': 200, 'solver': 'sgd'};-0.10919461470771447;-0.10237699414015464;-0.07321032091725309;-0.07544313188186587;-0.11974691868469452;-0.0959943960663365;0.018550656058838915;87
0.3689134120941162;0.04512277333824321;0.0056228160858154295;0.00010059720413610698;relu;(200,);adaptive;100;adam;{'activation': 'relu', 'hidden_layer_sizes': (200,), 'learning_rate': 'adaptive', 'max_iter': 100, 'solver': 'adam'};-0.11025408556828326;-0.10582480226049173;-0.07059147200874273;-0.07449653180459798;-0.1188420855827124;-0.09600179544496562;0.01964412885117953;88
0.5004509449005127;0.040542584754856406;0.0058844566345214845;2.7476083639296866e-05;relu;(300,);adaptive;300;adam;{'activation': 'relu', 'hidden_layer_sizes': (300,), 'learning_rate': 'adaptive', 'max_iter': 300, 'solver': 'adam'};-0.11047594141166507;-0.10642353984655847;-0.06962403730257945;-0.07480127838171359;-0.11909382915022773;-0.09608372521854887;0.01998284346338568;89
0.710511302947998;0.08924799008242078;0.008579111099243164;0.0007016023149517218;logistic;(300,);invscaling;100;adam;{'activation': 'logistic', 'hidden_layer_sizes': (300,), 'learning_rate': 'invscaling', 'max_iter': 100, 'solver': 'adam'};-0.11014692079645222;-0.10149295136301509;-0.07362398602113036;-0.07574714699166185;-0.11951353568696313;-0.09610490817184454;0.018406538355361404;90
1.3687017440795899;0.09808353940613988;0.005545663833618164;3.418140907294586e-05;relu;(200,);adaptive;200;sgd;{'activation': 'relu', 'hidden_layer_sizes': (200,), 'learning_rate': 'adaptive', 'max_iter': 200, 'solver': 'sgd'};-0.10860176124277228;-0.10679313537309089;-0.07020158873758399;-0.07670056037792361;-0.11836598845137045;-0.09613260683654826;0.01904453762911543;91
0.5217306613922119;0.05042697703490982;0.006009483337402343;0.00010849104819070332;relu;(300,);invscaling;300;adam;{'activation': 'relu', 'hidden_layer_sizes': (300,), 'learning_rate': 'invscaling', 'max_iter': 300, 'solver': 'adam'};-0.11110447614938088;-0.10560458988414839;-0.07182279434281275;-0.07266398794481113;-0.11949214233914102;-0.09613759813205883;0.02000642978680844;92
0.4939562320709229;0.044788641228731566;0.00605926513671875;9.164304054408362e-05;relu;(300,);constant;300;adam;{'activation': 'relu', 'hidden_layer_sizes': (300,), 'learning_rate': 'constant', 'max_iter': 300, 'solver': 'adam'};-0.11130463673739079;-0.10631376848507013;-0.07039185914677505;-0.0730520699796601;-0.12000840730643937;-0.09621414833106708;0.020489823913628642;93
0.5901469707489013;0.03810378732473441;0.006321144104003906;2.2742383218953498e-05;relu;(400,);constant;200;adam;{'activation': 'relu', 'hidden_layer_sizes': (400,), 'learning_rate': 'constant', 'max_iter': 200, 'solver': 'adam'};-0.11106225379862007;-0.10648075327579658;-0.0701770563459943;-0.07153592491637871;-0.12200354594367657;-0.09625190685609325;0.021344320948211697;94
0.5562794208526611;0.04077904979708153;0.007120513916015625;0.0008274201507188479;relu;(300,);invscaling;200;adam;{'activation': 'relu', 'hidden_layer_sizes': (300,), 'learning_rate': 'invscaling', 'max_iter': 200, 'solver': 'adam'};-0.11048713196446557;-0.10752369033508316;-0.07149419582098081;-0.07310164640660063;-0.119462029300032;-0.09641373876543244;0.020085578842985636;95
0.5383779048919678;0.046501497177091476;0.006001949310302734;8.005625851291032e-05;relu;(300,);constant;200;adam;{'activation': 'relu', 'hidden_layer_sizes': (300,), 'learning_rate': 'constant', 'max_iter': 200, 'solver': 'adam'};-0.10948786052916909;-0.10607169051265762;-0.07042431254538224;-0.07476011596956535;-0.12142926722555077;-0.09643464935646501;0.02017083451497619;96
0.5827133655548096;0.07410928308778007;0.0081512451171875;0.0012440509235685769;logistic;(200,);constant;100;adam;{'activation': 'logistic', 'hidden_layer_sizes': (200,), 'learning_rate': 'constant', 'max_iter': 100, 'solver': 'adam'};-0.10662025695994301;-0.10204246569606729;-0.06823666712028863;-0.08629016481846134;-0.11912734632845896;-0.09646338018464384;0.01759650728778048;97
0.617561674118042;0.12860134364063838;0.006486272811889649;3.0348952649242625e-05;relu;(400,);constant;300;sgd;{'activation': 'relu', 'hidden_layer_sizes': (400,), 'learning_rate': 'constant', 'max_iter': 300, 'solver': 'sgd'};-0.1071683994729788;-0.10475838976943254;-0.07148077358656943;-0.07865361898577633;-0.12036803570007015;-0.09648584350296545;0.018418213163486023;98
0.7295756340026855;0.11629772416531421;0.01070995330810547;0.0024330096676156293;tanh;(400,);constant;200;sgd;{'activation': 'tanh', 'hidden_layer_sizes': (400,), 'learning_rate': 'constant', 'max_iter': 200, 'solver': 'sgd'};-0.10805451327896555;-0.10251455619850604;-0.06988495330289315;-0.07885644515587109;-0.1231685671393935;-0.09649580701512586;0.019496408833261935;99
0.7797372341156006;0.10014027439784647;0.012099790573120116;0.0050663478005416535;tanh;(400,);constant;300;sgd;{'activation': 'tanh', 'hidden_layer_sizes': (400,), 'learning_rate': 'constant', 'max_iter': 300, 'solver': 'sgd'};-0.10949061209595984;-0.10308820253619112;-0.06957404299004034;-0.08076328535156219;-0.11958680912120108;-0.09650059041899091;0.018535439124929984;100
1.9527419090270997;0.1334124196500761;0.006012678146362305;4.305234868712901e-05;relu;(300,);adaptive;300;sgd;{'activation': 'relu', 'hidden_layer_sizes': (300,), 'learning_rate': 'adaptive', 'max_iter': 300, 'solver': 'sgd'};-0.11042573007163643;-0.10358597804553517;-0.07152592046426023;-0.0779835009327663;-0.11903093522915133;-0.09651041294866988;0.01853831130069252;101
0.6042619705200195;0.08861881138151596;0.007541275024414063;0.0006219393762989809;logistic;(200,);invscaling;200;adam;{'activation': 'logistic', 'hidden_layer_sizes': (200,), 'learning_rate': 'invscaling', 'max_iter': 200, 'solver': 'adam'};-0.11014822896526263;-0.10117386998879307;-0.07009494538024863;-0.07913258101168252;-0.12221320764802579;-0.09655256659880254;0.019329400392470233;102
2.8453282833099367;1.1480141444682403;0.023734903335571288;0.012347168310380933;tanh;(400,);constant;300;lbfgs;{'activation': 'tanh', 'hidden_layer_sizes': (400,), 'learning_rate': 'constant', 'max_iter': 300, 'solver': 'lbfgs'};-0.11168025002301522;-0.10298055284697265;-0.07079547492913474;-0.07663743304702307;-0.12072844006623613;-0.09656443018247637;0.01956874182386296;103
0.5470359325408936;0.08111896789717753;0.006105184555053711;6.163883438672227e-05;relu;(300,);constant;100;sgd;{'activation': 'relu', 'hidden_layer_sizes': (300,), 'learning_rate': 'constant', 'max_iter': 100, 'solver': 'sgd'};-0.10816487963735376;-0.10332084438804219;-0.07178241365113809;-0.07861866354981675;-0.12102679873725912;-0.09658271999272197;0.018519310173923702;104
0.6213018417358398;0.05077613213024265;0.006345891952514648;4.962718088627424e-05;relu;(400,);invscaling;100;adam;{'activation': 'relu', 'hidden_layer_sizes': (400,), 'learning_rate': 'invscaling', 'max_iter': 100, 'solver': 'adam'};-0.10916179271816685;-0.11006821065799625;-0.06954389899585257;-0.07362959362554329;-0.12074217729120808;-0.0966291346577534;0.020888772033776294;105
0.3445171356201172;0.026946661478691077;0.00550999641418457;9.422929642519165e-05;relu;(200,);invscaling;100;adam;{'activation': 'relu', 'hidden_layer_sizes': (200,), 'learning_rate': 'invscaling', 'max_iter': 100, 'solver': 'adam'};-0.10969831400288195;-0.10869338531319464;-0.07091633852917278;-0.07333389330564147;-0.12085928033774558;-0.09670024229772728;0.020529200789250787;106
0.360029935836792;0.023325350228486755;0.0054359912872314455;3.1679145920476e-05;relu;(200,);constant;100;adam;{'activation': 'relu', 'hidden_layer_sizes': (200,), 'learning_rate': 'constant', 'max_iter': 100, 'solver': 'adam'};-0.11063550505118507;-0.10486727727632707;-0.07275343019496772;-0.07593798519134252;-0.11934153768333919;-0.09670714707943232;0.018857577557812432;107
3.590507221221924;0.6799721102701353;0.018839025497436525;0.004316643693704562;tanh;(300,);constant;100;lbfgs;{'activation': 'tanh', 'hidden_layer_sizes': (300,), 'learning_rate': 'constant', 'max_iter': 100, 'solver': 'lbfgs'};-0.10951578504942601;-0.10655667082330247;-0.07085438522012999;-0.07636212378376514;-0.12026538857101743;-0.09671087068952822;0.019485123895587347;108
0.6435015678405762;0.08863455169289115;0.00629277229309082;1.4937566155818735e-05;relu;(400,);constant;100;adam;{'activation': 'relu', 'hidden_layer_sizes': (400,), 'learning_rate': 'constant', 'max_iter': 100, 'solver': 'adam'};-0.11156381264242538;-0.10635318116895802;-0.0698029276079421;-0.07613556131919977;-0.12002033480429532;-0.09677516350856412;0.020021364799079882;109
1.467120599746704;0.09099156192871224;0.005600929260253906;0.00010167460869345355;relu;(200,);adaptive;300;sgd;{'activation': 'relu', 'hidden_layer_sizes': (200,), 'learning_rate': 'adaptive', 'max_iter': 300, 'solver': 'sgd'};-0.10680760246146126;-0.10677159448198187;-0.07214474679213877;-0.07702838530113847;-0.12127533401447269;-0.09680553261023861;0.018960089051240497;110
3.8581289768218996;1.7514724262797325;0.023196935653686523;0.004267397566674461;tanh;(400,);invscaling;100;lbfgs;{'activation': 'tanh', 'hidden_layer_sizes': (400,), 'learning_rate': 'invscaling', 'max_iter': 100, 'solver': 'lbfgs'};-0.10950216446900558;-0.10850228455907138;-0.07061165531104724;-0.07549835093559107;-0.12005330084255184;-0.09683355122345343;0.019892654263124507;111
0.887550687789917;0.191153282753709;0.012534141540527344;0.0058346613490552895;tanh;(400,);constant;100;sgd;{'activation': 'tanh', 'hidden_layer_sizes': (400,), 'learning_rate': 'constant', 'max_iter': 100, 'solver': 'sgd'};-0.11138161528957825;-0.10190591096246687;-0.07181053490731643;-0.07879027436949211;-0.12074192794441287;-0.09692605269465329;0.01876514791522218;112
0.6136527538299561;0.11083736188934326;0.005956125259399414;5.612930377163466e-05;relu;(300,);adaptive;200;adam;{'activation': 'relu', 'hidden_layer_sizes': (300,), 'learning_rate': 'adaptive', 'max_iter': 200, 'solver': 'adam'};-0.1103116444406118;-0.1064459181357463;-0.07204877369117843;-0.07653461434558889;-0.11940254744113682;-0.09694869961085244;0.019024625750017003;113
2.5202311515808105;0.49867479952494614;0.01606588363647461;0.0028788967839333325;tanh;(200,);invscaling;200;lbfgs;{'activation': 'tanh', 'hidden_layer_sizes': (200,), 'learning_rate': 'invscaling', 'max_iter': 200, 'solver': 'lbfgs'};-0.11238339255926065;-0.10540197131156086;-0.07077814141745986;-0.07575683853065535;-0.12058223624002624;-0.09698051601179258;0.020011095088672264;114
3.423097610473633;1.653127833025528;0.01651458740234375;0.005554653062149832;tanh;(300,);constant;300;lbfgs;{'activation': 'tanh', 'hidden_layer_sizes': (300,), 'learning_rate': 'constant', 'max_iter': 300, 'solver': 'lbfgs'};-0.11249208558521681;-0.10622742677084264;-0.07118955958807649;-0.07555177770662369;-0.11949829930295693;-0.0969918297907433;0.019786502127249878;115
0.5853800296783447;0.03576871653842983;0.006693601608276367;5.933030891858222e-05;relu;(400,);adaptive;100;adam;{'activation': 'relu', 'hidden_layer_sizes': (400,), 'learning_rate': 'adaptive', 'max_iter': 100, 'solver': 'adam'};-0.11250758456639068;-0.10537386157756432;-0.07005945651867727;-0.07679435574379291;-0.12046038890280288;-0.0970391294618456;0.019975234024052064;116
0.6444890022277832;0.0589594259017068;0.006340408325195312;4.430240635503343e-05;relu;(400,);invscaling;200;adam;{'activation': 'relu', 'hidden_layer_sizes': (400,), 'learning_rate': 'invscaling', 'max_iter': 200, 'solver': 'adam'};-0.10986290756216685;-0.10637414151234395;-0.07510310304440979;-0.07382122473228644;-0.12006932708083741;-0.0970461407864089;0.018985477851995253;117
2.8825501441955566;0.8089622322977238;0.01975417137145996;0.001163274353561912;tanh;(200,);adaptive;300;lbfgs;{'activation': 'tanh', 'hidden_layer_sizes': (200,), 'learning_rate': 'adaptive', 'max_iter': 300, 'solver': 'lbfgs'};-0.11120902958688247;-0.10940537445584411;-0.06956331869404288;-0.07545359421301141;-0.11972112877974674;-0.09707048914590552;0.020440321768701326;118
1.2559741020202637;0.9231591205680765;0.010327672958374024;0.004866439487115914;logistic;(200,);invscaling;300;adam;{'activation': 'logistic', 'hidden_layer_sizes': (200,), 'learning_rate': 'invscaling', 'max_iter': 300, 'solver': 'adam'};-0.10789078427710763;-0.10235273391265884;-0.08119417029362318;-0.07507448569547324;-0.11907155830489496;-0.09711674649675157;0.016522099806132836;119
0.41272387504577634;0.08403975335274441;0.005457592010498047;7.049733811061629e-05;relu;(200,);constant;300;sgd;{'activation': 'relu', 'hidden_layer_sizes': (200,), 'learning_rate': 'constant', 'max_iter': 300, 'solver': 'sgd'};-0.11255874289030808;-0.10319812422001987;-0.06926332451376961;-0.0787314986951234;-0.12192188434127282;-0.09713471493209876;0.020022797555203763;120
0.5548367023468017;0.06090570031663029;0.0063155174255371095;6.22738010017387e-05;relu;(300,);invscaling;100;adam;{'activation': 'relu', 'hidden_layer_sizes': (300,), 'learning_rate': 'invscaling', 'max_iter': 100, 'solver': 'adam'};-0.11224663956391437;-0.10668468177976546;-0.07069624541340168;-0.07336683212895569;-0.12288211265862083;-0.0971753023089316;0.021196213385018325;121
0.4340535640716553;0.037425320915783884;0.005497455596923828;7.041385067382068e-05;relu;(200,);constant;100;sgd;{'activation': 'relu', 'hidden_layer_sizes': (200,), 'learning_rate': 'constant', 'max_iter': 100, 'solver': 'sgd'};-0.11117454608582024;-0.10509856331133391;-0.072772265791867;-0.07683464195275971;-0.1201664818120396;-0.09720929979076409;0.01895571735395711;122
0.3701667785644531;0.009856807449711234;0.005553627014160156;7.160954314863802e-05;relu;(200,);constant;200;adam;{'activation': 'relu', 'hidden_layer_sizes': (200,), 'learning_rate': 'constant', 'max_iter': 200, 'solver': 'adam'};-0.11090896532580613;-0.11083788004047719;-0.06974487380808918;-0.07396259248881147;-0.12064250178766295;-0.09721936269016938;0.02105819355905495;123
4.6021003246307375;1.9555728258225498;0.018109130859375;0.0038594717130433316;tanh;(400,);adaptive;200;lbfgs;{'activation': 'tanh', 'hidden_layer_sizes': (400,), 'learning_rate': 'adaptive', 'max_iter': 200, 'solver': 'lbfgs'};-0.1131915545993889;-0.10173880186827892;-0.07093282870358052;-0.08021948628226946;-0.12015478549539167;-0.09724749138978189;0.01887614142200219;124
2.4892334938049316;0.056780711465453694;0.008262348175048829;0.00012028801178915387;tanh;(300,);adaptive;200;sgd;{'activation': 'tanh', 'hidden_layer_sizes': (300,), 'learning_rate': 'adaptive', 'max_iter': 200, 'solver': 'sgd'};-0.10790547451730016;-0.10326385217748246;-0.07480776062819465;-0.07694393904104598;-0.12348098227875502;-0.09728040172855565;0.01872835062078065;125
3.3598312854766847;1.310499704350487;0.014911413192749023;0.003377098766373398;tanh;(200,);invscaling;100;lbfgs;{'activation': 'tanh', 'hidden_layer_sizes': (200,), 'learning_rate': 'invscaling', 'max_iter': 100, 'solver': 'lbfgs'};-0.11641854242976396;-0.10348225386102816;-0.07083296838901917;-0.07558070050737936;-0.12009331533632327;-0.09728155610470278;0.020471952438995127;126
3.1566025733947756;0.07224654847622364;0.00941472053527832;0.00011397309846195665;tanh;(400,);adaptive;200;sgd;{'activation': 'tanh', 'hidden_layer_sizes': (400,), 'learning_rate': 'adaptive', 'max_iter': 200, 'solver': 'sgd'};-0.1069972007497986;-0.10677851676458383;-0.0715791381411669;-0.07691072588450709;-0.1244707489473809;-0.09734726609748746;0.019997007996687993;127
2.9383819103240967;0.8119874502038265;0.019086074829101563;0.006353790988562554;tanh;(300,);adaptive;100;lbfgs;{'activation': 'tanh', 'hidden_layer_sizes': (300,), 'learning_rate': 'adaptive', 'max_iter': 100, 'solver': 'lbfgs'};-0.11491075563806703;-0.10562201556410954;-0.07010584790757621;-0.0763498168939539;-0.12010816694576229;-0.0974193205898938;0.020386113066524617;128
0.8536830902099609;0.05329566915631054;0.010610151290893554;0.0012418487032287045;tanh;(300,);constant;200;adam;{'activation': 'tanh', 'hidden_layer_sizes': (300,), 'learning_rate': 'constant', 'max_iter': 200, 'solver': 'adam'};-0.11202866854209606;-0.10808952521165469;-0.06993808032653781;-0.07620248186733777;-0.12086555500550562;-0.09742486219062639;0.020407767544614683;129
1.1426453113555908;0.17222061737270292;0.00941004753112793;0.000149808059837668;tanh;(400,);invscaling;100;adam;{'activation': 'tanh', 'hidden_layer_sizes': (400,), 'learning_rate': 'invscaling', 'max_iter': 100, 'solver': 'adam'};-0.11279226260321207;-0.11344249917505697;-0.06909797487401656;-0.07332224312276808;-0.1188289113078231;-0.09749677821657535;0.021606378410188795;130
4.0037522315979;0.9264740596147919;0.010291767120361329;0.0017303471330296462;tanh;(400,);adaptive;100;sgd;{'activation': 'tanh', 'hidden_layer_sizes': (400,), 'learning_rate': 'adaptive', 'max_iter': 100, 'solver': 'sgd'};-0.10916515254275264;-0.10598989156114522;-0.07064360185984711;-0.0812304540144167;-0.12061361181347832;-0.097528542358328;0.018592220243629755;131
4.066686391830444;1.4473084754582008;0.020733213424682616;0.003915406455774196;tanh;(300,);constant;200;lbfgs;{'activation': 'tanh', 'hidden_layer_sizes': (300,), 'learning_rate': 'constant', 'max_iter': 200, 'solver': 'lbfgs'};-0.11519836618700956;-0.10694599820189975;-0.07089791986858064;-0.07465042539730667;-0.12010360617426176;-0.09755926316581168;0.02070332449646334;132
0.47556748390197756;0.04185392106486566;0.006883955001831055;7.134631263541792e-05;tanh;(200,);adaptive;300;adam;{'activation': 'tanh', 'hidden_layer_sizes': (200,), 'learning_rate': 'adaptive', 'max_iter': 300, 'solver': 'adam'};-0.11256092322803382;-0.10994272288912892;-0.06857823019219672;-0.0777576908689474;-0.11903995016221612;-0.0975759034681046;0.020355937445012882;133
2.863805866241455;0.2845091872761357;0.010059356689453125;0.003687382367177329;tanh;(300,);adaptive;100;sgd;{'activation': 'tanh', 'hidden_layer_sizes': (300,), 'learning_rate': 'adaptive', 'max_iter': 100, 'solver': 'sgd'};-0.1096613421240489;-0.10468601371692916;-0.07485365480264773;-0.07440072708471124;-0.12447042319923782;-0.09761443218551498;0.019866094982815673;134
0.7454533576965332;0.06980057738315829;0.008840322494506836;0.0013854627743271608;tanh;(300,);constant;100;sgd;{'activation': 'tanh', 'hidden_layer_sizes': (300,), 'learning_rate': 'constant', 'max_iter': 100, 'solver': 'sgd'};-0.11081121671976685;-0.10538203831891695;-0.07517429665632862;-0.07609767361353198;-0.12088464290744368;-0.09766997364319761;0.018668201262444898;135
3.534902048110962;1.8746085375013046;0.017370319366455077;0.003924493954573339;tanh;(400,);constant;200;lbfgs;{'activation': 'tanh', 'hidden_layer_sizes': (400,), 'learning_rate': 'constant', 'max_iter': 200, 'solver': 'lbfgs'};-0.10874123485809761;-0.11032543246470693;-0.07073924857309143;-0.07833260533684204;-0.12044352324866701;-0.09771640889628101;0.019496435618634955;136
0.7006727695465088;0.09735091208669412;0.0063189506530761715;1.9127411905657466e-05;relu;(400,);constant;300;adam;{'activation': 'relu', 'hidden_layer_sizes': (400,), 'learning_rate': 'constant', 'max_iter': 300, 'solver': 'adam'};-0.10918283792890714;-0.11009937412899662;-0.07285872906347957;-0.0773645067463253;-0.11965394557250408;-0.09783187868804255;0.01896370132417675;137
0.5362560272216796;0.048291620076358836;0.007382011413574219;0.00039175626343621343;tanh;(200,);adaptive;200;adam;{'activation': 'tanh', 'hidden_layer_sizes': (200,), 'learning_rate': 'adaptive', 'max_iter': 200, 'solver': 'adam'};-0.11674807428677082;-0.10726761592573897;-0.07017264255957079;-0.07595714604140846;-0.11946418681410938;-0.09792193312551968;0.020776472610012628;138
3.6592596054077147;1.475378305813938;0.018149614334106445;0.0031396839027875356;tanh;(400,);invscaling;200;lbfgs;{'activation': 'tanh', 'hidden_layer_sizes': (400,), 'learning_rate': 'invscaling', 'max_iter': 200, 'solver': 'lbfgs'};-0.11406887288640358;-0.11066235549481687;-0.07192415311404603;-0.07289805840628785;-0.12007692422267142;-0.09792607282484514;0.021052146883906216;139
4.037516736984253;1.6828905522979047;0.02417645454406738;0.003547666654791425;tanh;(400,);adaptive;300;lbfgs;{'activation': 'tanh', 'hidden_layer_sizes': (400,), 'learning_rate': 'adaptive', 'max_iter': 300, 'solver': 'lbfgs'};-0.11051279212533875;-0.10979427128202675;-0.07079430144853907;-0.0781985861658269;-0.12096545530336893;-0.09805308126502008;0.019775332485390384;140
0.5652973175048828;0.01781400109234552;0.006562566757202149;0.00014003958047234172;relu;(400,);invscaling;300;adam;{'activation': 'relu', 'hidden_layer_sizes': (400,), 'learning_rate': 'invscaling', 'max_iter': 300, 'solver': 'adam'};-0.1124027901232907;-0.10844403477711037;-0.07176548512611974;-0.07818260871569246;-0.1196535160633817;-0.098089686961119;0.019320101101683702;141
0.7345556735992431;0.13776313740557647;0.00637350082397461;3.098362955081041e-05;relu;(400,);adaptive;200;adam;{'activation': 'relu', 'hidden_layer_sizes': (400,), 'learning_rate': 'adaptive', 'max_iter': 200, 'solver': 'adam'};-0.11217149884101343;-0.1046788266453104;-0.07338114153475787;-0.07920301277439036;-0.12110299983893605;-0.09810749592688162;0.01864695069085939;142
0.42264347076416015;0.05076007492456815;0.006921148300170899;8.260914424546733e-05;tanh;(200,);invscaling;300;adam;{'activation': 'tanh', 'hidden_layer_sizes': (200,), 'learning_rate': 'invscaling', 'max_iter': 300, 'solver': 'adam'};-0.10867278647689474;-0.11241984901096241;-0.06843638525517383;-0.08014289291076665;-0.12112205452623401;-0.09815879363600633;0.02024464045359734;143
3.907631492614746;1.562120831761864;0.019323015213012697;0.004719614110553311;tanh;(300,);adaptive;200;lbfgs;{'activation': 'tanh', 'hidden_layer_sizes': (300,), 'learning_rate': 'adaptive', 'max_iter': 200, 'solver': 'lbfgs'};-0.11073798712620003;-0.1079271769619531;-0.06978123116284872;-0.08125791541263337;-0.121213892894636;-0.09818364071165424;0.01937068751100506;144
0.628594970703125;0.0384278683299574;0.008117771148681641;9.122165281092447e-05;tanh;(300,);invscaling;200;adam;{'activation': 'tanh', 'hidden_layer_sizes': (300,), 'learning_rate': 'invscaling', 'max_iter': 200, 'solver': 'adam'};-0.11556624760124959;-0.10872486379595793;-0.07032383817363314;-0.07619674570964981;-0.12032420590477542;-0.09822718023705318;0.020799325490493428;145
0.4139965534210205;0.08020155000168504;0.006848764419555664;3.2847262590058285e-05;tanh;(200,);constant;100;sgd;{'activation': 'tanh', 'hidden_layer_sizes': (200,), 'learning_rate': 'constant', 'max_iter': 100, 'solver': 'sgd'};-0.11238812706496669;-0.10663930384844766;-0.07175094502705795;-0.07874245020080359;-0.12167067404027802;-0.09823830003631079;0.01950148075223549;146
2.1673969268798827;0.26373393101092074;0.009196805953979491;0.0013171588278544943;tanh;(200,);adaptive;100;sgd;{'activation': 'tanh', 'hidden_layer_sizes': (200,), 'learning_rate': 'adaptive', 'max_iter': 100, 'solver': 'sgd'};-0.11148335468399509;-0.10630929538769257;-0.07367437278862542;-0.08017249403585049;-0.11986988643967066;-0.09830188066716684;0.018101036570875938;147
0.8345251083374023;0.1269919373254414;0.009233474731445312;0.0008871712371842735;tanh;(300,);adaptive;300;adam;{'activation': 'tanh', 'hidden_layer_sizes': (300,), 'learning_rate': 'adaptive', 'max_iter': 300, 'solver': 'adam'};-0.11035329700077709;-0.1097514745873388;-0.0703604827501976;-0.08216824778457565;-0.11890070462472291;-0.09830684134952242;0.018663638924497152;148
0.6880037784576416;0.15419708882390376;0.00812845230102539;0.00014122910434754827;tanh;(300,);invscaling;100;adam;{'activation': 'tanh', 'hidden_layer_sizes': (300,), 'learning_rate': 'invscaling', 'max_iter': 100, 'solver': 'adam'};-0.11188413792839881;-0.11062565948967946;-0.06962826043281352;-0.07992514561025471;-0.11955349622235636;-0.09832333993670057;0.019737593504156922;149
0.44060506820678713;0.03709861354291762;0.007035970687866211;9.455189088546751e-05;tanh;(200,);constant;300;sgd;{'activation': 'tanh', 'hidden_layer_sizes': (200,), 'learning_rate': 'constant', 'max_iter': 300, 'solver': 'sgd'};-0.10888568592269939;-0.1034750154792743;-0.07816660750076006;-0.08222224895055287;-0.11888122027161592;-0.09832615562498051;0.015660576689805503;150
0.45873079299926756;0.019684190388067305;0.006927585601806641;0.00011433771566317102;tanh;(200,);constant;200;adam;{'activation': 'tanh', 'hidden_layer_sizes': (200,), 'learning_rate': 'constant', 'max_iter': 200, 'solver': 'adam'};-0.11237290006612287;-0.10738329635767647;-0.0706948844657434;-0.07677347590121812;-0.12479388705442258;-0.09840368876903668;0.021013608575758378;151
0.7452543258666993;0.1304922657478539;0.009417915344238281;0.001483711659611857;tanh;(300,);constant;200;sgd;{'activation': 'tanh', 'hidden_layer_sizes': (300,), 'learning_rate': 'constant', 'max_iter': 200, 'solver': 'sgd'};-0.11104160181412054;-0.10434941430082648;-0.07050728757071272;-0.08275249054696354;-0.1238415399487695;-0.09849846683627855;0.019314642435577407;152
0.5184410095214844;0.0818283091235448;0.006861400604248047;3.697699223648875e-05;tanh;(200,);constant;100;adam;{'activation': 'tanh', 'hidden_layer_sizes': (200,), 'learning_rate': 'constant', 'max_iter': 100, 'solver': 'adam'};-0.11407303480226869;-0.11079460753597432;-0.06986368239910073;-0.07771962597166905;-0.12024773812551257;-0.09853973776690508;0.020583953148209856;153
7.597691679000855;4.906915517339461;0.03429388999938965;0.016091912590204788;tanh;(400,);adaptive;100;lbfgs;{'activation': 'tanh', 'hidden_layer_sizes': (400,), 'learning_rate': 'adaptive', 'max_iter': 100, 'solver': 'lbfgs'};-0.11652329778083298;-0.10761876406452789;-0.07099019659212263;-0.07759406517370696;-0.12029543077682886;-0.09860435087760386;0.0203805047664754;154
3.099147415161133;1.6092897632956575;0.016721773147583007;0.0050073108502254994;tanh;(200,);constant;200;lbfgs;{'activation': 'tanh', 'hidden_layer_sizes': (200,), 'learning_rate': 'constant', 'max_iter': 200, 'solver': 'lbfgs'};-0.11673283327486018;-0.10586194688514937;-0.07094344797576405;-0.07937963661428364;-0.12046554447530385;-0.09867668184507221;0.019969553767470796;155
0.5759840965270996;0.09584909325451854;0.009823036193847657;0.0030948855124442102;tanh;(200,);adaptive;100;adam;{'activation': 'tanh', 'hidden_layer_sizes': (200,), 'learning_rate': 'adaptive', 'max_iter': 100, 'solver': 'adam'};-0.1102006540735714;-0.11235350714711559;-0.07023648580186928;-0.07519693129738717;-0.12549623193600443;-0.09869676205118957;0.021905648468054078;156
4.197144269943237;2.1941972280843927;0.01746654510498047;0.004119726535501121;tanh;(300,);invscaling;300;lbfgs;{'activation': 'tanh', 'hidden_layer_sizes': (300,), 'learning_rate': 'invscaling', 'max_iter': 300, 'solver': 'lbfgs'};-0.1155465700008929;-0.10850318714857252;-0.07096103691272002;-0.07822552831197399;-0.12030943639396492;-0.09870915175362487;0.020176871836922714;157
3.172248649597168;0.8668884620918372;0.01819500923156738;0.0034759508892302795;tanh;(200,);adaptive;100;lbfgs;{'activation': 'tanh', 'hidden_layer_sizes': (200,), 'learning_rate': 'adaptive', 'max_iter': 100, 'solver': 'lbfgs'};-0.11168999108198695;-0.10948755145705374;-0.07093915806090109;-0.0816145239872821;-0.11982481186092934;-0.09871120728963065;0.018941731803826342;158
0.763152027130127;0.1443201513551191;0.012252473831176757;0.008208371412591784;tanh;(300,);adaptive;200;adam;{'activation': 'tanh', 'hidden_layer_sizes': (300,), 'learning_rate': 'adaptive', 'max_iter': 200, 'solver': 'adam'};-0.11347711997836475;-0.11097180764682507;-0.06819566554259704;-0.07913408199400092;-0.12181067131529813;-0.09871786929541718;0.02105422350963052;159
2.7185973167419433;0.1568358627012677;0.008594942092895509;0.0009477651318285928;tanh;(300,);adaptive;300;sgd;{'activation': 'tanh', 'hidden_layer_sizes': (300,), 'learning_rate': 'adaptive', 'max_iter': 300, 'solver': 'sgd'};-0.11173389433602375;-0.10893599070303037;-0.07153627731361994;-0.08164580211921621;-0.11982925070290633;-0.09873624303495933;0.018707271689121303;160
3.0563683986663817;0.02745582893902154;0.009421300888061524;9.842309371094322e-05;tanh;(400,);adaptive;300;sgd;{'activation': 'tanh', 'hidden_layer_sizes': (400,), 'learning_rate': 'adaptive', 'max_iter': 300, 'solver': 'sgd'};-0.10944562295262018;-0.10458087110971076;-0.07509053855410902;-0.08179746410972248;-0.12281779969496519;-0.09874645928422553;0.01774718522322371;161
3.1681346893310547;0.8489417970250549;0.01540217399597168;0.003235474760083321;tanh;(200,);constant;300;lbfgs;{'activation': 'tanh', 'hidden_layer_sizes': (200,), 'learning_rate': 'constant', 'max_iter': 300, 'solver': 'lbfgs'};-0.11271960303311408;-0.10611070194088795;-0.06989744971547134;-0.08522404725043695;-0.1200309659799661;-0.09879655358397528;0.018534397613786203;162
0.6579113960266113;0.07559789570111866;0.008240842819213867;0.00021463216489176637;tanh;(300,);invscaling;300;adam;{'activation': 'tanh', 'hidden_layer_sizes': (300,), 'learning_rate': 'invscaling', 'max_iter': 300, 'solver': 'adam'};-0.11006390218673608;-0.11475299800043581;-0.06972651138682938;-0.08043010330172652;-0.11945841863859398;-0.09888638670286434;0.01995408444331594;163
0.6898579597473145;0.06867529400486302;0.00906977653503418;0.0019087571939277875;tanh;(300,);constant;100;adam;{'activation': 'tanh', 'hidden_layer_sizes': (300,), 'learning_rate': 'constant', 'max_iter': 100, 'solver': 'adam'};-0.11286453484148647;-0.11199085721545243;-0.07099051122482115;-0.07953205387763755;-0.11972269891930556;-0.09902013121574063;0.019768400589850934;164
0.9993008136749267;0.20697751445885967;0.011045074462890625;0.0032016277125034324;tanh;(400,);invscaling;200;adam;{'activation': 'tanh', 'hidden_layer_sizes': (400,), 'learning_rate': 'invscaling', 'max_iter': 200, 'solver': 'adam'};-0.1152096595117993;-0.10767829019120716;-0.07455523714258054;-0.077672576566509;-0.12066032213551489;-0.09915521710952217;0.019284814216667983;165
4.961260366439819;3.4710251460676043;0.02321596145629883;0.005235825871202385;tanh;(400,);invscaling;300;lbfgs;{'activation': 'tanh', 'hidden_layer_sizes': (400,), 'learning_rate': 'invscaling', 'max_iter': 300, 'solver': 'lbfgs'};-0.10878557866393578;-0.11155029901521459;-0.07069011975279445;-0.08531134816976048;-0.11944611902544672;-0.0991566929254304;0.018220960916144596;166
2.633990001678467;0.7784410725072972;0.017211484909057616;0.003658794671219911;tanh;(200,);constant;100;lbfgs;{'activation': 'tanh', 'hidden_layer_sizes': (200,), 'learning_rate': 'constant', 'max_iter': 100, 'solver': 'lbfgs'};-0.1113453365258464;-0.11255848661006759;-0.07159471202299086;-0.07996752164555573;-0.12056269867966046;-0.09920575109682422;0.01956662076745793;167
1.0901461124420166;0.1258604558969907;0.012109708786010743;0.0027864520510042356;tanh;(400,);constant;300;adam;{'activation': 'tanh', 'hidden_layer_sizes': (400,), 'learning_rate': 'constant', 'max_iter': 300, 'solver': 'adam'};-0.11541427761239109;-0.10754107665363051;-0.0705361526148783;-0.08045107863951516;-0.12233534991368128;-0.09925558708681927;0.020203185507934075;168
2.097248077392578;0.1719198398322103;0.010165596008300781;0.004699730117349461;tanh;(200,);adaptive;200;sgd;{'activation': 'tanh', 'hidden_layer_sizes': (200,), 'learning_rate': 'adaptive', 'max_iter': 200, 'solver': 'sgd'};-0.11180037090200058;-0.10862022727695667;-0.07193900040221253;-0.08163279488496224;-0.12248822511835387;-0.09929612371689718;0.019191529661599444;169
0.4709658145904541;0.041362048254159546;0.006935501098632812;6.58205604623721e-05;tanh;(200,);invscaling;200;adam;{'activation': 'tanh', 'hidden_layer_sizes': (200,), 'learning_rate': 'invscaling', 'max_iter': 200, 'solver': 'adam'};-0.11213732405692257;-0.11792301599232623;-0.06968266868597452;-0.07778413618455342;-0.11930088137837319;-0.09936560525962998;0.021221432841086765;170
0.45077953338623045;0.06047236528554776;0.007024717330932617;6.86435866141896e-05;tanh;(200,);constant;300;adam;{'activation': 'tanh', 'hidden_layer_sizes': (200,), 'learning_rate': 'constant', 'max_iter': 300, 'solver': 'adam'};-0.11063035511908446;-0.11561206473462575;-0.0710766210936457;-0.07744315037534218;-0.12229973853070929;-0.09941238597068147;0.020965048127236426;171
2.7003048419952393;0.6816130792937879;0.01654534339904785;0.003328403480817063;tanh;(200,);invscaling;300;lbfgs;{'activation': 'tanh', 'hidden_layer_sizes': (200,), 'learning_rate': 'invscaling', 'max_iter': 300, 'solver': 'lbfgs'};-0.11383616977770115;-0.10689884981549636;-0.071431086805345;-0.0855209146064924;-0.11946085234476309;-0.09942957466995961;0.01812157987896902;172
2.936122703552246;1.1861876375747027;0.02214655876159668;0.00794719450808983;tanh;(300,);adaptive;300;lbfgs;{'activation': 'tanh', 'hidden_layer_sizes': (300,), 'learning_rate': 'adaptive', 'max_iter': 300, 'solver': 'lbfgs'};-0.11572525621850842;-0.10788330447776197;-0.07137629577126828;-0.08214572880692597;-0.12023103894534176;-0.09947232484396128;0.01926356326172819;173
3.3660019397735597;1.334992553778461;0.015092134475708008;0.0021049465399427935;tanh;(300,);invscaling;100;lbfgs;{'activation': 'tanh', 'hidden_layer_sizes': (300,), 'learning_rate': 'invscaling', 'max_iter': 100, 'solver': 'lbfgs'};-0.11485264911281166;-0.1100951373855437;-0.07087017437984348;-0.08127012023872382;-0.12037347445808894;-0.09949231111500231;0.019675659290140948;174
0.3699552059173584;0.09851160450229127;0.006969928741455078;8.144526625457258e-05;tanh;(200,);constant;200;sgd;{'activation': 'tanh', 'hidden_layer_sizes': (200,), 'learning_rate': 'constant', 'max_iter': 200, 'solver': 'sgd'};-0.10766929541939053;-0.1079563324606272;-0.07406241869492511;-0.08382703127134226;-0.12421008259231392;-0.09954503208771981;0.018119257600851445;175
1.0929070472717286;0.43074447464249505;0.015026330947875977;0.009084253951615245;tanh;(300,);adaptive;100;adam;{'activation': 'tanh', 'hidden_layer_sizes': (300,), 'learning_rate': 'adaptive', 'max_iter': 100, 'solver': 'adam'};-0.11453704169042055;-0.11115561141374032;-0.06945893444086555;-0.08183519354092088;-0.12078221167606289;-0.09955379855240204;0.02014643874135596;176
0.9052090644836426;0.14609495242709075;0.009589290618896485;0.0002693596339762933;tanh;(400,);adaptive;100;adam;{'activation': 'tanh', 'hidden_layer_sizes': (400,), 'learning_rate': 'adaptive', 'max_iter': 100, 'solver': 'adam'};-0.11216463266639655;-0.11763973425194796;-0.06923828936274193;-0.08070716682950907;-0.11933102029595674;-0.09981616868131045;0.02074200637053482;177
0.725252914428711;0.10619440647467135;0.009979963302612305;0.0029389647600433014;tanh;(300,);constant;300;sgd;{'activation': 'tanh', 'hidden_layer_sizes': (300,), 'learning_rate': 'constant', 'max_iter': 300, 'solver': 'sgd'};-0.10947997083942215;-0.10667689774912138;-0.07452830177647643;-0.08784631064496197;-0.120896315465087;-0.09988555929501378;0.016538203666899138;178
0.8699777603149415;0.10239542380975587;0.009228134155273437;0.00011920362459073915;tanh;(400,);adaptive;200;adam;{'activation': 'tanh', 'hidden_layer_sizes': (400,), 'learning_rate': 'adaptive', 'max_iter': 200, 'solver': 'adam'};-0.11108961490776825;-0.10859037355681282;-0.07038407789845107;-0.08972107914980323;-0.11968773439238434;-0.09989457598104394;0.017703584082349077;179
0.4325753688812256;0.033572523861660424;0.006969928741455078;0.00019625322189817688;tanh;(200,);invscaling;100;adam;{'activation': 'tanh', 'hidden_layer_sizes': (200,), 'learning_rate': 'invscaling', 'max_iter': 100, 'solver': 'adam'};-0.11447526504143404;-0.11727523322432318;-0.07148677311320743;-0.07684715838938862;-0.11942464571920164;-0.09990181509751098;0.021139034145671864;180
0.949414873123169;0.18742947799280954;0.010205650329589843;0.0013791023056678325;tanh;(400,);constant;100;adam;{'activation': 'tanh', 'hidden_layer_sizes': (400,), 'learning_rate': 'constant', 'max_iter': 100, 'solver': 'adam'};-0.11153164964235594;-0.10686833720084339;-0.07239976275138946;-0.09000873128772599;-0.11942533902477663;-0.10004676398141828;0.016846865630833003;181
0.9128392219543457;0.12355469823858459;0.009428691864013673;0.00022006039500623484;tanh;(400,);invscaling;300;adam;{'activation': 'tanh', 'hidden_layer_sizes': (400,), 'learning_rate': 'invscaling', 'max_iter': 300, 'solver': 'adam'};-0.11459774278565511;-0.1155685753695744;-0.0705070088328936;-0.07899846351014997;-0.1207910342492996;-0.10009256494951453;0.020969501473320433;182
0.7882230281829834;0.07872711385268048;0.009276866912841797;0.00013451693709116413;tanh;(400,);adaptive;300;adam;{'activation': 'tanh', 'hidden_layer_sizes': (400,), 'learning_rate': 'adaptive', 'max_iter': 300, 'solver': 'adam'};-0.11478508408912014;-0.11148488404579757;-0.07000427870430247;-0.08482370310988323;-0.11946963898910341;-0.10011351778764137;0.019285056221537755;183
3.2512155055999754;0.9097077277728955;0.024906635284423828;0.009751921142051895;tanh;(300,);invscaling;200;lbfgs;{'activation': 'tanh', 'hidden_layer_sizes': (300,), 'learning_rate': 'invscaling', 'max_iter': 200, 'solver': 'lbfgs'};-0.11174593653873093;-0.1099878820971631;-0.07096910929833955;-0.08861081859278687;-0.11984224810058026;-0.10023119892552015;0.01790909504685294;184
4.493898200988769;1.0731127663316755;0.018383359909057616;0.004768492419619106;tanh;(200,);adaptive;200;lbfgs;{'activation': 'tanh', 'hidden_layer_sizes': (200,), 'learning_rate': 'adaptive', 'max_iter': 200, 'solver': 'lbfgs'};-0.11825957639229868;-0.1115856185544872;-0.07181530631897003;-0.08307834310485974;-0.11907309925100078;-0.10076238872432328;0.019540906066455865;185
0.9233349800109864;0.06324826202967329;0.009282827377319336;9.518618049081208e-05;logistic;(400,);invscaling;300;adam;{'activation': 'logistic', 'hidden_layer_sizes': (400,), 'learning_rate': 'invscaling', 'max_iter': 300, 'solver': 'adam'};-0.11012511782727195;-0.10479686096639636;-0.09826066512841149;-0.07237694951366146;-0.11889530986856173;-0.1008909806608606;0.015777513064182437;186
0.7461907386779785;0.0938827897333342;0.008432245254516602;0.00010921617590987951;tanh;(300,);constant;300;adam;{'activation': 'tanh', 'hidden_layer_sizes': (300,), 'learning_rate': 'constant', 'max_iter': 300, 'solver': 'adam'};-0.1144897963357674;-0.11740392189869267;-0.07532842520504651;-0.07846372468140093;-0.11968717372205287;-0.10107460836859208;0.019835117071509027;187
4.739614629745484;2.031493569905094;0.020496702194213866;0.0053488730682883685;tanh;(400,);constant;100;lbfgs;{'activation': 'tanh', 'hidden_layer_sizes': (400,), 'learning_rate': 'constant', 'max_iter': 100, 'solver': 'lbfgs'};-0.11453557331788902;-0.11439625509259646;-0.07063108317395228;-0.08714893284719802;-0.11978328133190345;-0.10129902515270783;0.019126730736811103;188
1.934496021270752;0.1372018007633968;0.01077132225036621;0.006893820964286062;tanh;(200,);adaptive;300;sgd;{'activation': 'tanh', 'hidden_layer_sizes': (200,), 'learning_rate': 'adaptive', 'max_iter': 300, 'solver': 'sgd'};-0.10940387270811616;-0.11693726098627032;-0.06825214428146581;-0.09057439572890574;-0.12136274192023444;-0.10130608312499849;0.019595455937186732;189
7.86452088356018;2.924349722501242;0.014287137985229492;0.0031950155397782536;relu;(300,);adaptive;100;lbfgs;{'activation': 'relu', 'hidden_layer_sizes': (300,), 'learning_rate': 'adaptive', 'max_iter': 100, 'solver': 'lbfgs'};-0.11135146115438714;-0.11684804295582976;-0.07582451090839268;-0.08247550457064284;-0.1229311844719401;-0.1018861408122385;0.01903851895563947;190
0.8734551429748535;0.06156610778684807;0.009627437591552735;0.0007652420166793094;tanh;(400,);constant;200;adam;{'activation': 'tanh', 'hidden_layer_sizes': (400,), 'learning_rate': 'constant', 'max_iter': 200, 'solver': 'adam'};-0.11482342949616804;-0.11634561140333374;-0.07043076450703828;-0.09154408389460304;-0.11937744842824202;-0.10250426754587702;0.018851440299769734;191
8.658200216293334;0.8317577912146593;0.015901947021484376;0.00395666989487871;relu;(200,);constant;100;lbfgs;{'activation': 'relu', 'hidden_layer_sizes': (200,), 'learning_rate': 'constant', 'max_iter': 100, 'solver': 'lbfgs'};-0.11795597125929255;-0.11690986253655582;-0.07219677124336851;-0.08225679740224145;-0.12388988121700356;-0.10264185673169238;0.021128324648192236;192
13.065200710296631;1.1146743498154508;0.014931535720825196;0.004599553589072229;relu;(400,);invscaling;100;lbfgs;{'activation': 'relu', 'hidden_layer_sizes': (400,), 'learning_rate': 'invscaling', 'max_iter': 100, 'solver': 'lbfgs'};-0.1161378658784756;-0.11037802699952505;-0.07767786611345756;-0.08869609150242078;-0.12172722980498848;-0.10292341605977351;0.01687323843126138;193
8.731229782104492;0.4732753037712487;0.014779901504516602;0.0053016959612198706;relu;(200,);adaptive;100;lbfgs;{'activation': 'relu', 'hidden_layer_sizes': (200,), 'learning_rate': 'adaptive', 'max_iter': 100, 'solver': 'lbfgs'};-0.11742776114482631;-0.11469211417685263;-0.07222158588674038;-0.09020313567081611;-0.1228445818333208;-0.10347783574251124;0.019228115512024652;194
9.900775003433228;0.9005131706475418;0.013727092742919922;0.001742567398552825;relu;(300,);invscaling;100;lbfgs;{'activation': 'relu', 'hidden_layer_sizes': (300,), 'learning_rate': 'invscaling', 'max_iter': 100, 'solver': 'lbfgs'};-0.11617480206407854;-0.11308898802207129;-0.07407288949018433;-0.08888257183620979;-0.1253760500923375;-0.10351906030097628;0.019030412969237215;195
8.973514127731324;0.6998043697262094;0.014373588562011718;0.0015620173038969245;relu;(300,);constant;100;lbfgs;{'activation': 'relu', 'hidden_layer_sizes': (300,), 'learning_rate': 'constant', 'max_iter': 100, 'solver': 'lbfgs'};-0.11951991433116003;-0.11484192286366897;-0.07377486910177473;-0.08786118972901112;-0.12416425611884054;-0.10403243042889107;0.019692773970006003;196
13.344002628326416;0.5310482128631977;0.015241193771362304;0.0026152303648874567;relu;(400,);constant;100;lbfgs;{'activation': 'relu', 'hidden_layer_sizes': (400,), 'learning_rate': 'constant', 'max_iter': 100, 'solver': 'lbfgs'};-0.11825044123569904;-0.1133760586831694;-0.07893781964730358;-0.09138702209491821;-0.1223732832136168;-0.10486492497494142;0.016804896354895484;197
13.419169425964355;0.9935814027470357;0.014500951766967774;0.002579316024114746;relu;(400,);adaptive;100;lbfgs;{'activation': 'relu', 'hidden_layer_sizes': (400,), 'learning_rate': 'adaptive', 'max_iter': 100, 'solver': 'lbfgs'};-0.1194393521739901;-0.11619227347275515;-0.0771791587314114;-0.09233867941184679;-0.12340538140074543;-0.10571096903814978;0.017912569912004888;198
7.85124979019165;0.6655520685406527;0.014973115921020509;0.0031235844394229477;relu;(200,);invscaling;100;lbfgs;{'activation': 'relu', 'hidden_layer_sizes': (200,), 'learning_rate': 'invscaling', 'max_iter': 100, 'solver': 'lbfgs'};-0.11997338779412138;-0.1168776555837522;-0.0759730060846027;-0.09272857142526086;-0.12310628548096823;-0.10573178127374108;0.018349906996953144;199
14.876385688781738;6.0754122381212765;0.01679682731628418;0.002309623420391855;relu;(200,);adaptive;200;lbfgs;{'activation': 'relu', 'hidden_layer_sizes': (200,), 'learning_rate': 'adaptive', 'max_iter': 200, 'solver': 'lbfgs'};-0.11201350537354131;-0.12185981119354002;-0.08065332356217947;-0.09179542186684038;-0.12460726720595533;-0.1061858658404113;0.017192891360545567;200
17.512051630020142;2.716367984517926;0.01672358512878418;0.004665620182128974;relu;(200,);invscaling;200;lbfgs;{'activation': 'relu', 'hidden_layer_sizes': (200,), 'learning_rate': 'invscaling', 'max_iter': 200, 'solver': 'lbfgs'};-0.12130552008448571;-0.12316925530572778;-0.08121741511586132;-0.07784809642417986;-0.12786915820537761;-0.10628188902712646;0.021970940966583266;201
22.769645643234252;10.4434503247796;0.015481710433959961;0.0029159934745194085;relu;(400,);constant;200;lbfgs;{'activation': 'relu', 'hidden_layer_sizes': (400,), 'learning_rate': 'constant', 'max_iter': 200, 'solver': 'lbfgs'};-0.10846189706405931;-0.12731368931253376;-0.08169013056171477;-0.08846927271101125;-0.1283728518598692;-0.10686156830183766;0.01926376620135639;202
27.166152238845825;1.6668172888197286;0.017561578750610353;0.003989055307213914;relu;(400,);invscaling;200;lbfgs;{'activation': 'relu', 'hidden_layer_sizes': (400,), 'learning_rate': 'invscaling', 'max_iter': 200, 'solver': 'lbfgs'};-0.12322404593080466;-0.1240845196655678;-0.07901610352222088;-0.08375705963648836;-0.12625273687690527;-0.10726689312639741;0.021207286176857267;203
20.16962537765503;1.3203264621231163;0.01809215545654297;0.004255315593252328;relu;(300,);constant;200;lbfgs;{'activation': 'relu', 'hidden_layer_sizes': (300,), 'learning_rate': 'constant', 'max_iter': 200, 'solver': 'lbfgs'};-0.12066893435270043;-0.12246247492770487;-0.07956755050820521;-0.09143514287330831;-0.1262056607252539;-0.10806795267743455;0.01888855075970571;204
20.875312948226927;1.8378385377521296;0.014116811752319335;0.0032195463962025254;relu;(300,);invscaling;200;lbfgs;{'activation': 'relu', 'hidden_layer_sizes': (300,), 'learning_rate': 'invscaling', 'max_iter': 200, 'solver': 'lbfgs'};-0.12061028175742924;-0.12434316456419736;-0.08232304448513178;-0.08847565320301004;-0.12763615588296343;-0.10867765997854636;0.019234900046339022;205
16.463616371154785;1.994565160017684;0.01592864990234375;0.004940534147867673;relu;(200,);constant;200;lbfgs;{'activation': 'relu', 'hidden_layer_sizes': (200,), 'learning_rate': 'constant', 'max_iter': 200, 'solver': 'lbfgs'};-0.13268354433101556;-0.12101781509235943;-0.08464325658874729;-0.07828724574351982;-0.12908294171946197;-0.1091429606950208;0.02300036840835193;206
0.7156631469726562;0.1489848518785823;0.010072612762451172;0.0011019097055054408;tanh;(400,);invscaling;200;sgd;{'activation': 'tanh', 'hidden_layer_sizes': (400,), 'learning_rate': 'invscaling', 'max_iter': 200, 'solver': 'sgd'};-0.10858901872908497;-0.10232600859624819;-0.13839510326404353;-0.07217519720518878;-0.12751918632532305;-0.1098009028239777;0.02282368199536468;207
34.691887855529785;2.3061974846994415;0.019045257568359376;0.004487785933184168;relu;(300,);invscaling;300;lbfgs;{'activation': 'relu', 'hidden_layer_sizes': (300,), 'learning_rate': 'invscaling', 'max_iter': 300, 'solver': 'lbfgs'};-0.1368332304582825;-0.12224774132578338;-0.0800536784413484;-0.07957398159208387;-0.13120038828216124;-0.10998180401993189;0.02506794368634795;208
28.787104320526122;1.7572726323581809;0.016912841796875;0.00445248882666229;relu;(300,);constant;300;lbfgs;{'activation': 'relu', 'hidden_layer_sizes': (300,), 'learning_rate': 'constant', 'max_iter': 300, 'solver': 'lbfgs'};-0.12641075544703967;-0.12175731602256212;-0.08275851299721293;-0.09233848368418686;-0.12717661943499028;-0.11008833751719838;0.018743384884931807;209
20.331433916091918;0.8256211875404357;0.019341516494750976;0.004055956040052427;relu;(300,);adaptive;200;lbfgs;{'activation': 'relu', 'hidden_layer_sizes': (300,), 'learning_rate': 'adaptive', 'max_iter': 200, 'solver': 'lbfgs'};-0.13066541660960856;-0.12386234926867026;-0.08178185597394945;-0.09012694167927625;-0.12602431593264635;-0.11049217589283018;0.020327290944692832;210
27.820860290527342;1.6043450104130408;0.01827559471130371;0.003417554361505468;relu;(400,);adaptive;200;lbfgs;{'activation': 'relu', 'hidden_layer_sizes': (400,), 'learning_rate': 'adaptive', 'max_iter': 200, 'solver': 'lbfgs'};-0.13059220602734195;-0.12960896332243052;-0.07943108430283538;-0.08386617888259586;-0.13013776028332513;-0.11072723856370577;0.02378600687099759;211
20.41475381851196;9.341957604526002;0.015206670761108399;0.003142642034289078;relu;(200,);invscaling;300;lbfgs;{'activation': 'relu', 'hidden_layer_sizes': (200,), 'learning_rate': 'invscaling', 'max_iter': 300, 'solver': 'lbfgs'};-0.1277903542422673;-0.1354007484454394;-0.08527762580597276;-0.08704946327208615;-0.12027346728458352;-0.11115833181006984;0.02096880118022481;212
0.37172398567199705;0.05267764212033544;0.006246805191040039;0.0002280823832254171;relu;(300,);invscaling;300;sgd;{'activation': 'relu', 'hidden_layer_sizes': (300,), 'learning_rate': 'invscaling', 'max_iter': 300, 'solver': 'sgd'};-0.11001659619797739;-0.10682071587509706;-0.13393932573376793;-0.08762556288194386;-0.12035733194192587;-0.11175190652614242;0.015334557825326918;213
0.2817679405212402;0.07187582441254933;0.005539655685424805;0.000131780917278633;relu;(200,);invscaling;300;sgd;{'activation': 'relu', 'hidden_layer_sizes': (200,), 'learning_rate': 'invscaling', 'max_iter': 300, 'solver': 'sgd'};-0.18617300876237866;-0.10066696247425384;-0.06897945760493009;-0.08375776457157849;-0.12009109701677091;-0.1119336580859824;0.040850722742862916;214
26.192943572998047;1.4425501092536073;0.014300775527954102;0.004206851900357253;relu;(200,);constant;300;lbfgs;{'activation': 'relu', 'hidden_layer_sizes': (200,), 'learning_rate': 'constant', 'max_iter': 300, 'solver': 'lbfgs'};-0.13676468663878005;-0.12485210299183196;-0.08433265838206618;-0.08854899558890987;-0.1303967376104291;-0.11297903624240344;0.022034268994497317;215
23.285740041732787;1.4775061791622048;0.010481500625610351;0.002437584457066257;relu;(200,);adaptive;300;lbfgs;{'activation': 'relu', 'hidden_layer_sizes': (200,), 'learning_rate': 'adaptive', 'max_iter': 300, 'solver': 'lbfgs'};-0.12759814877355563;-0.11858564287914715;-0.08586186350379661;-0.10312714969168475;-0.13142877317256613;-0.11332031560415005;0.01683664841884976;216
0.4583104133605957;0.07130377143224487;0.006527900695800781;0.0001293900067003946;relu;(400,);invscaling;100;sgd;{'activation': 'relu', 'hidden_layer_sizes': (400,), 'learning_rate': 'invscaling', 'max_iter': 100, 'solver': 'sgd'};-0.1110285878091318;-0.16862580032688512;-0.07049858508532166;-0.09156306652826122;-0.1269303090741243;-0.11372926976474482;0.03333293522450721;217
40.11301860809326;1.5656830480450252;0.015817785263061525;0.0019529703279714805;relu;(400,);adaptive;300;lbfgs;{'activation': 'relu', 'hidden_layer_sizes': (400,), 'learning_rate': 'adaptive', 'max_iter': 300, 'solver': 'lbfgs'};-0.13120123621183055;-0.13413256981309005;-0.0868281119388477;-0.08979675377135998;-0.1279436306704961;-0.1139804604811249;0.021070047226417477;218
41.295376205444335;1.6947448228022517;0.01731867790222168;0.003981427256165209;relu;(400,);invscaling;300;lbfgs;{'activation': 'relu', 'hidden_layer_sizes': (400,), 'learning_rate': 'invscaling', 'max_iter': 300, 'solver': 'lbfgs'};-0.12735392615203195;-0.13245696345352007;-0.09207609808191795;-0.09643308741282294;-0.1298068987872724;-0.11562539477751306;0.017577765757427418;219
29.700129079818726;1.1670912094979484;0.011924982070922852;0.002324198872360761;relu;(300,);adaptive;300;lbfgs;{'activation': 'relu', 'hidden_layer_sizes': (300,), 'learning_rate': 'adaptive', 'max_iter': 300, 'solver': 'lbfgs'};-0.12329476327081211;-0.13311202088456622;-0.07965876658235675;-0.10868158458083188;-0.1337440115036278;-0.11569822936443894;0.020172624505267574;220
40.60300846099854;2.5649242429606645;0.015000391006469726;0.0036499150639122163;relu;(400,);constant;300;lbfgs;{'activation': 'relu', 'hidden_layer_sizes': (400,), 'learning_rate': 'constant', 'max_iter': 300, 'solver': 'lbfgs'};-0.14241021608454194;-0.13359194589784373;-0.08440755751610456;-0.09719752742467364;-0.1266185220182637;-0.11684515378828553;0.02221608901842124;221
0.3896324157714844;0.02671794321041343;0.006919574737548828;8.253215117175635e-05;tanh;(200,);invscaling;200;sgd;{'activation': 'tanh', 'hidden_layer_sizes': (200,), 'learning_rate': 'invscaling', 'max_iter': 200, 'solver': 'sgd'};-0.1303532348874706;-0.1295559181595094;-0.12361613168428535;-0.07557633977913425;-0.13736288855259302;-0.11929290261259853;0.022289069094947947;222
0.3727447509765625;0.074150536127467;0.0069162845611572266;6.281612453032575e-05;tanh;(200,);invscaling;100;sgd;{'activation': 'tanh', 'hidden_layer_sizes': (200,), 'learning_rate': 'invscaling', 'max_iter': 100, 'solver': 'sgd'};-0.11309537187712679;-0.19406293304344943;-0.10951614782910471;-0.07167229878622254;-0.1219391912755043;-0.12205718856228157;0.039902556660850845;223
0.6721527576446533;0.12788881627084822;0.010763168334960938;0.0017732133150360609;tanh;(400,);invscaling;100;sgd;{'activation': 'tanh', 'hidden_layer_sizes': (400,), 'learning_rate': 'invscaling', 'max_iter': 100, 'solver': 'sgd'};-0.10759904668913263;-0.10265659219864806;-0.1625852797129041;-0.10542390254097796;-0.15016232015483535;-0.12568542825929963;0.025411380077469507;224
0.5175416946411133;0.05301972949116443;0.0064601898193359375;2.3453893770540776e-05;relu;(400,);invscaling;300;sgd;{'activation': 'relu', 'hidden_layer_sizes': (400,), 'learning_rate': 'invscaling', 'max_iter': 300, 'solver': 'sgd'};-0.12532822530577778;-0.14985481924656477;-0.07334436579342338;-0.13450028259152266;-0.14858233563317289;-0.1263220057140923;0.0280136314840056;225
0.30618844032287595;0.03957062558029687;0.0055712699890136715;7.997009808301505e-05;relu;(200,);invscaling;100;sgd;{'activation': 'relu', 'hidden_layer_sizes': (200,), 'learning_rate': 'invscaling', 'max_iter': 100, 'solver': 'sgd'};-0.12012834673760946;-0.15034459078777743;-0.1645049776913752;-0.07588385918048661;-0.12419072846979601;-0.12701050057340893;0.03039593458585666;226
0.8854519367218018;0.19857395887907855;0.010176753997802735;0.0016577507911497416;tanh;(400,);invscaling;300;sgd;{'activation': 'tanh', 'hidden_layer_sizes': (400,), 'learning_rate': 'invscaling', 'max_iter': 300, 'solver': 'sgd'};-0.2020408135498327;-0.13056203795004812;-0.08629303674264137;-0.11900905729853994;-0.11896637005140372;-0.13137426311849315;0.03829776013417556;227
0.5133626461029053;0.09949348290825086;0.006436443328857422;5.2495764840223474e-05;relu;(400,);invscaling;200;sgd;{'activation': 'relu', 'hidden_layer_sizes': (400,), 'learning_rate': 'invscaling', 'max_iter': 200, 'solver': 'sgd'};-0.11938147051863002;-0.10753277782075181;-0.08132324817848094;-0.1752415939270735;-0.18535793322767583;-0.13376740473452242;0.040068170182392164;228
0.31894512176513673;0.06112691674742336;0.005564260482788086;5.76232403368182e-05;relu;(200,);invscaling;200;sgd;{'activation': 'relu', 'hidden_layer_sizes': (200,), 'learning_rate': 'invscaling', 'max_iter': 200, 'solver': 'sgd'};-0.14456087923866326;-0.16149837290722102;-0.08463325895433216;-0.1637401954391473;-0.12718240963992034;-0.13632302323585682;0.029012908791133364;229
0.4504081726074219;0.10699423134408205;0.0073665142059326175;0.0007051921276069252;tanh;(200,);invscaling;300;sgd;{'activation': 'tanh', 'hidden_layer_sizes': (200,), 'learning_rate': 'invscaling', 'max_iter': 300, 'solver': 'sgd'};-0.19044556323015271;-0.1452506136424417;-0.07751583005792191;-0.07417793777822478;-0.20912676305962824;-0.13930334155367388;0.05583049680569764;230
0.5083234786987305;0.07992080158537017;0.006542110443115234;0.00010531989003671525;relu;(300,);invscaling;200;sgd;{'activation': 'relu', 'hidden_layer_sizes': (300,), 'learning_rate': 'invscaling', 'max_iter': 200, 'solver': 'sgd'};-0.1525762812445591;-0.23561632006592478;-0.13774375650585813;-0.0722771620111054;-0.12121049579049441;-0.14388480312358837;0.05323477045082539;231
0.476186466217041;0.07743245513139271;0.006373834609985351;1.9242255274233758e-05;relu;(300,);invscaling;100;sgd;{'activation': 'relu', 'hidden_layer_sizes': (300,), 'learning_rate': 'invscaling', 'max_iter': 100, 'solver': 'sgd'};-0.18843606214133915;-0.2203883233930694;-0.09452620822865278;-0.06973593023293026;-0.15338465847370703;-0.14529423649393972;0.05630673898245721;232
0.7303061962127686;0.06963038700348115;0.008413028717041016;0.00035953570424054513;tanh;(300,);invscaling;100;sgd;{'activation': 'tanh', 'hidden_layer_sizes': (300,), 'learning_rate': 'invscaling', 'max_iter': 100, 'solver': 'sgd'};-0.13937320454294144;-0.14026146216523083;-0.1662253362291718;-0.13754296437196942;-0.15097275203362598;-0.14687514386858788;0.01075481092852769;233
0.9279582023620605;0.5517340131571813;0.008342123031616211;0.00018129299842009966;tanh;(300,);invscaling;300;sgd;{'activation': 'tanh', 'hidden_layer_sizes': (300,), 'learning_rate': 'invscaling', 'max_iter': 300, 'solver': 'sgd'};-0.16762117059554701;-0.1316559019642689;-0.09970854035806484;-0.07123885725745183;-0.28711667781548506;-0.15146822959816353;0.07505966286804283;234
0.9375814914703369;0.2887909448077584;0.008702802658081054;0.0009779666165194132;tanh;(300,);invscaling;200;sgd;{'activation': 'tanh', 'hidden_layer_sizes': (300,), 'learning_rate': 'invscaling', 'max_iter': 200, 'solver': 'sgd'};-0.11543361367247715;-0.21572490624224783;-0.08162436556719117;-0.21072610688123045;-0.23365043658116405;-0.17143188578886212;0.0609561362017324;235
1.5904952526092528;1.1010768793430723;0.022968816757202148;0.015489960787613673;logistic;(200,);invscaling;300;sgd;{'activation': 'logistic', 'hidden_layer_sizes': (200,), 'learning_rate': 'invscaling', 'max_iter': 300, 'solver': 'sgd'};-0.2901260857304317;-0.1378981433564185;-0.07921848734207729;-0.26746453565843;-0.1270008313233477;-0.18034161668214105;0.08308502603157268;236
0.7428403377532959;0.47384452221581014;0.009974050521850585;0.0011697299160387164;logistic;(400,);invscaling;200;sgd;{'activation': 'logistic', 'hidden_layer_sizes': (400,), 'learning_rate': 'invscaling', 'max_iter': 200, 'solver': 'sgd'};-0.12987605525066293;-0.3755628543777329;-0.14405208802358963;-0.09395292824716321;-0.16432589519057988;-0.1815539642179457;0.09968670354658736;237
0.34495110511779786;0.03315689806554138;0.0071808815002441405;0.00016420096464892626;logistic;(200,);invscaling;200;sgd;{'activation': 'logistic', 'hidden_layer_sizes': (200,), 'learning_rate': 'invscaling', 'max_iter': 200, 'solver': 'sgd'};-0.10667924804936912;-0.10428882942233464;-0.18021697548927226;-0.27059844076663625;-0.35111760439946255;-0.202580219625415;0.0959668083332003;238
1.3825345516204834;0.8308249228222063;0.013157224655151368;0.0069804865662964205;logistic;(400,);invscaling;300;sgd;{'activation': 'logistic', 'hidden_layer_sizes': (400,), 'learning_rate': 'invscaling', 'max_iter': 300, 'solver': 'sgd'};-0.11428630362457602;-0.2804738005236271;-0.4869181673599778;-0.08817205051053757;-0.13079998477906257;-0.2201300613595562;0.14927353457338735;239
0.4577636241912842;0.03668508619254984;0.008253002166748047;8.134841918945312e-05;logistic;(300,);invscaling;300;sgd;{'activation': 'logistic', 'hidden_layer_sizes': (300,), 'learning_rate': 'invscaling', 'max_iter': 300, 'solver': 'sgd'};-0.39540851242129743;-0.3976868598729032;-0.19810154834805346;-0.16381215216000733;-0.303726502949389;-0.2917471151503301;0.09721035692265348;240
0.3766824722290039;0.05060819866097781;0.008049869537353515;0.0010936440176737988;logistic;(200,);invscaling;100;sgd;{'activation': 'logistic', 'hidden_layer_sizes': (200,), 'learning_rate': 'invscaling', 'max_iter': 100, 'solver': 'sgd'};-0.21966160696276707;-0.19377661881451272;-0.4525145245445302;-0.4480391148161711;-0.2648396305645455;-0.3157662991405053;0.11216710253437055;241
0.5655467987060547;0.043613755367974086;0.011298942565917968;0.004659768071212435;logistic;(300,);invscaling;200;sgd;{'activation': 'logistic', 'hidden_layer_sizes': (300,), 'learning_rate': 'invscaling', 'max_iter': 200, 'solver': 'sgd'};-0.564582394381923;-0.2745569063134661;-0.5229358096720688;-0.14192197214074662;-0.1728320782795011;-0.3353658321575411;0.1762147567333446;242
0.4478598117828369;0.02653134171682621;0.008245897293090821;7.336002918241876e-05;logistic;(300,);invscaling;100;sgd;{'activation': 'logistic', 'hidden_layer_sizes': (300,), 'learning_rate': 'invscaling', 'max_iter': 100, 'solver': 'sgd'};-0.12952537954419904;-0.3978374778651672;-0.2892907224011046;-0.5189527938295853;-0.4483918358683183;-0.3567996419016749;0.13607198330193837;243
